"1","Veronica","Achorn","0121 643 5858","","veronica@achorn.com","17, Sheepcote Street","Sedgley","Birmingham","B16 8AE","Guy Spradling","915-772-2346","http://www.veronicaachorn.com""2","Jewel","Agresta","0121 135 6zz4","07 777 xxx 140","jewel@agresta.com","17 Becket Road","Bournville","Solihull","B43 6QS","Md Assn Cert Pub Accts Inc","708-449-2963","http://www.jewelagresta.com""3","Dwain","Agricola","0121 123 1zz4","","dwain@agricola.com","Flat 1 44 Prospect Road","St. Hilaire du Bois","Handsworth Wood","B18 6BG","Beatty Satchell Everngam & Co","270-259-0821","http://www.dwainagricola.com""4","Dorthy","Alexy","","07 791 xxx 356","dorthy@alexy.com","P4 Wexler Lofts","Harnborne","","B30 1TG","Frank Siviglia & Co","808-247-7192","http://www.dorthyalexy.com""5","Colin","Altonen","","07 797 xxx 217","colin@altonen.com","Apartment 91 Newhampton Lofts","","Birmingham","B17 8NP","Smith, Arthur D Esq","303-292-4239","http://www.colinaltonen.com""6","Ramon","Amaral","0121 144 2zz3","07 790 xxx 481","ramon@amaral.com","22 Nortune Close","Edgbaston","Tipton","B15 2UT","Air Academy Federal Credit Un","307-332-3893","http://www.ramonamaral.com""7","Darrell","Amrich","0121 643 5858","","darrell@amrich.com","40 The Moorings","Halesowen","","B16 8AE","Harris, James P Iii","919-362-7475","http://www.darrellamrich.com""8","Chad","Araiza","0121 168 2zz6","07 789 xxx 361","chad@araiza.com","28 Woodland Road","Northfield","Birmingham","B30 3QG","Christiansen, David L Cpa","715-359-3579","http://www.chadaraiza.com""9","Maryjane","Arata","0121 142 6zz4","07 791 xxx 558","maryjane@arata.com","4 Newton Chambers","Selly Park","Edgbaston","B32 3RS","Larson, John R Esq","775-352-1557","http://www.maryjanearata.com""10","Margot","Arenburg","01299 zzz 337","","margot@arenburg.com","23 Verdon Place","King's Heath","Birmingham","DY12 1AN","Mcivor, Carolyn Md","407-896-6679","http://www.margotarenburg.com""11","Kathie","Argenti","0121 124 9zz3","","kathie@argenti.com","3A High Street","Quinton","Sutton Coldfield","B67 5HF","Microtel Franchise & Dev Corp","218-828-1401","http://www.kathieargenti.com""12","Leif","Arguin","","","leif@arguin.com","17 Tudor Crescent","Selly Oake","","B72 1HB","Cmplt Cmptg Solutions Ne","510-651-8302","http://www.leifarguin.com""13","Isabell","Armout","0121 142 6zz6","","isabell@armout.com","38 School Road","Beaufort Road","Stoke Heath","B32 1LN","True Electric Corp","301-921-1251","http://www.isabellarmout.com""14","Marcelo","Arostegui","0121 156 6zz7","07 796 xxx 765","marcelo@arostegui.com","38 Longwood Road","Newton Road","Birmingham","B71 4EE","Moraschs Quality Meats","417-336-2664","http://www.marceloarostegui.com""15","Kurtis","Asberry","","","kurtis@asberry.com","133 Old Birmingham Road","Bartley Green","Birmingham","B16","Budgetel Inns","915-591-3614","http://www.kurtisasberry.com""16","Jess","Assad","0121 135 5zz4","","jess@assad.com","89 Middle Park Road","West Bromwich","Birmingham","B73 5EP","Livingston City","402-331-4974","http://www.jessassad.com""17","Melvin","Auteri","0121 142 6zz4","","melvin@auteri.com","44 Glyn Road","Northfield","Birmingham","B29 5SU","Interstate Unltd Fed Crdt Un","617-247-6002","http://www.melvinauteri.com""18","Leif","Bachta","","","leif@bachta.com","17, Sheepcote Street","Erdington","Solihull","B16 8JB","Hislop, Lorna Brumfield Esq","808-682-2789","http://www.leifbachta.com""19","Neil","Backus","01676 zzz 967","","neil@backus.com","115 Calder Drive","South Woodgate","Birmingham","CV7 7SA","Smith Capital Management","212-537-1181","http://www.neilbackus.com""20","Lucius","Bagnoli","","","lucius@bagnoli.com","43 George Road","Moseley","Birmingham","B32 1AE","American Music Teacher","812-867-2593","http://www.luciusbagnoli.com""21","Latisha","Bahls","0121 124 0zz5","07 779 xxx 262","latisha@bahls.com","Flat 4, 75 Revenhurst Road","Gordnal Wood","Edgbaston","B32 2PY","Search South Inc","513-784-5275","http://www.latishabahls.com""22","Socorro","Balandran","","07 797 xxx 903","socorro@balandran.com","45 Poplar Avenue","Solihull","Birmingham","B16 9RR","Mooring","724-834-8831","http://www.socorrobalandran.com""23","Georgette","Bandyk","0121 174 5zz2","","georgette@bandyk.com","17, Sheepcote Street","Wylde Green","","B28 OUP","Specialty Alumn Castings Inc","804-796-5351","http://www.georgettebandyk.com""24","Reyna","Bangle","0121 643 5858","","reyna@bangle.com","143 Station Road","Kings Heath","Birmingham","B16 8AE","C & R Contractors Inc","516-627-9033","http://www.reynabangle.com""25","Bette","Barcelona","","","bette@barcelona.com","139 Woodlands Road","Harborne","Birmingham","B67 6EN","Fischer, William R Esq","907-456-4144","http://www.bettebarcelona.com""26","Jessie","Barkle","01827 zzz 056","","jessie@barkle.com","58 Winchfield Drive","1 Weeford Road","Birmingham","B77 5PQ","Days Inn Airport By Mall Amer","325-677-2343","http://www.jessiebarkle.com""27","Jimmie","Barninger","","07 796 xxx 968","jimmie@barninger.com","58 Winchfield Drive","Harborne","","B16 8AE","California Paint & Wlpaper Str","209-525-4389","http://www.jimmiebarninger.com""28","Efren","Baucher","","","efren@baucher.com","9 Warwick Court","West Bromwich","","B67 5JS","R O Binson Inc","215-598-5929","http://www.efrenbaucher.com""29","Rolando","Baumann","0121 177 5zz8","07 770 xxx 268","rolando@baumann.com","9 Warwick Court","Birmingham","Edgbaston","B13 0AN","Erie Brush Co","503-241-7691","http://www.rolandobaumann.com""30","Reva","Bayer","","07 777 xxx 205","reva@bayer.com","19 Strawberry Fields","Erdington","","B16 8AE","Hirt, Stanley Esq","206-634-2589","http://www.revabayer.com""31","Cyril","Behen","","","cyril@behen.com","51 Downside Road","Moseley","Birmingham","B67 5AW","National Paper & Envelope Corp","714-772-3859","http://www.cyrilbehen.com""32","Eduardo","Bellendir","0121 124 5zz2","07 781 xxx 694","eduardo@bellendir.com","100 Rotten Park Road","Walsall","Birmingham","B32 3XE","Powers & Assocs","570-822-6267","http://www.eduardobellendir.com""33","Lyndon","Bellerdine","0121 135 5zz0","07 785 xxx 813","lyndon@bellerdine.com","55 Mappleborough Road","Kingstanding","","B73 5SZ","A B C Lock & Key","415-705-2887","http://www.lyndonbellerdine.com""34","Lacy","Belmont","","","lacy@belmont.com","3 Abberley Road","Harborne Rise","Birmingham","B7 4LJ","House Boat Rentals Inc","914-241-2272","http://www.lacybelmont.com""35","Ike","Benthin","0121 145 5zz0","07 781 xxx 257","ike@benthin.com","5 Ingoldsby Court","Harborne","Birmingham","B30 1UN","Lee, Harry Esq","415-255-6543","http://www.ikebenthin.com""36","Kathleen","Beresnyak","0121 142 4zz6","07 789 xxx 522","kathleen@beresnyak.com","12A Foxsedge House","Harborne","","B16 OJH","R & E Associates","650-349-5962","http://www.kathleenberesnyak.com""37","Patty","Bernasconi","0121 168 6zz3","07 787 xxx 127","patty@bernasconi.com","Apartment 43, Liberty Place","Handsworth","Wolverhampton","B24 9JN","Porter Wright Morris & Arthur","808-531-6234","http://www.pattybernasconi.com""38","Norman","Betance","01554 zzz 921","07 795 xxx 955","norman@betance.com","313 Quinton Road ","Hall Green","Birmingham","SA14 8DW","Precision Electric Co Inc","480-991-6547","http://www.normanbetance.com""39","Eli","Bettner","","07 777 xxx 897","eli@bettner.com","36 Burnaston Road","Sutton Coldfield","Birmingham","B17 OTN","Shea, David J Esq","509-689-1394","http://www.elibettner.com""40","Alyssa","Biasotti","0121 147 1zz2","","alyssa@biasotti.com","7 Powick Mills","Moseley","","B29 6NG","Johnson Hardware Co","845-343-5354","http://www.alyssabiasotti.com""41","Laurie","Bibbs","0121 155 3zz7","07 786 xxx 199","laurie@bibbs.com","20 The Hawnelands","Cotteridge","Birmingham","DY4 7XH","Action Nursing Care Llc","505-881-3771","http://www.lauriebibbs.com""42","Raphael","Bickel","","07 773 xxx 167","raphael@bickel.com","26 Cobb Close","Hollywood","Birmingham","B15 2QY","S Shamash & Sons Inc","818-246-4734","http://www.raphaelbickel.com""43","Laurie","Bigg","","","laurie@bigg.com","48 Meadowfield Road","Par Village","Bearwood","B32  1NS","Essc Inc","586-247-9791","http://www.lauriebigg.com""44","Marietta","Bjornberg","0121 147 3zz5","07 780 xxx 860","marietta@bjornberg.com","Wordsworth House","Weoley Castle","Birmingham","B64 6RA","Consolidated Mechanical Inc","406-728-5507","http://www.mariettabjornberg.com""45","Stacey","Blow","","07 773 xxx 649","stacey@blow.com","14 Blossom Avenue","","Birmingham","B16 8AE","Schechter, Jeffrey S Esq","909-874-8538","http://www.staceyblow.com""46","Elvira","Blumenthal","01564 zzz 597","07 798 xxx 586","elvira@blumenthal.com","100 Abbey Road","Sutton Coldfield","Birmingham","B47 6EP","Stell Mortgage Investors","319-524-9435","http://www.elvirablumenthal.com""47","Christa","Bodenschatz","","","christa@bodenschatz.com","11 Astley Crescent","99 Branston Street","Birmingham","B30 2LY","Stationers Inc","217-443-6382","http://www.christabodenschatz.com""48","Joey","Bolick","0121 147 4zz0","07 781 xxx 817","joey@bolick.com","62 Clifton Rd","Great Barr","Coventry","B30 2YE","Utility Trailer Sales","405-728-5244","http://www.joeybolick.com""49","Sean","Bonnet","0121 164 0zz7","07 796 xxx 050","sean@bonnet.com","108 Galton Road","Acocks Green","Hanbury","B1 1TB","Corporate Alternatives Inc","708-474-0011","http://www.seanbonnet.com""50","Samantha","Bordwell","","","samantha@bordwell.com","31 Prospect Road","Kings Heath","Birmingham","B14 4BG","Interwest Freight System Inc","305-247-4599","http://www.samanthabordwell.com""51","Dionne","Borycz","0121 155 2zz3","","dionne@borycz.com","179 Mary Vale Road","Kingswinford","Birmingham","B63 3TY","Pepsi Cola Dr Pepper Bottling","301-294-7523","http://www.dionneborycz.com""52","Bridget","Bottella","0121 145 4zz9","07 795 xxx 601","bridget@bottella.com","Flat 2, 104 Dudley Road","Moseley","Birmingham","B30 1DD","Mid State Construction Prod","210-224-4881","http://www.bridgetbottella.com""53","Bryant","Bouliouris","0121 142 7zz2","","bryant@bouliouris.com","Flat 47 Thimblemill Court","Serpentine Road","Birmingham","B62 ODA","Medlin, Charles K Jr","307-733-6041","http://www.bryantbouliouris.com""54","Marquita","Bousman","0121 144 5zz5","07 798 xxx 142","marquita@bousman.com","333 Eachelhurst Road","50 George Street","Moseley","B43 7PE","Constantine, Katherine A Esq","845-986-2447","http://www.marquitabousman.com""55","Jannie","Bowditch","0121 145 2zz3","07 778 xxx 546","jannie@bowditch.com","Flat 2, 6 Hopton Grove","Bearwood","Birmingham","B38 9UN","Lindsays Landing Rv Pk & Mrna","816-765-3469","http://www.janniebowditch.com""56","Robt","Braithwaite","0121 142 2zz3","07 778 xxx 498","robt@braithwaite.com","Friars Acre","Selly Oak","Smethwick","B37  1AS","Meyer, Janet Md","641-342-6031","http://www.robtbraithwaite.com""57","Lane","Brantz","0121 168 5zz1","07 792 xxx 991","lane@brantz.com","39 Cullistra Apartments","Kings Norton","Birmingham","B90 3NB","Kings Inn","320-587-3448","http://www.lanebrantz.com""58","Davis","Brevard","0121 135 8zz5","","davis@brevard.com","89, Middle Park Road","Sutton Coldfield","Birmingham","B14 7DY","Transit Trading Corp","330-533-8211","http://www.davisbrevard.com""59","Kylie","Bridgeman","","07 771 xxx 013","kylie@bridgeman.com","513 Trident House","Wylde Green","Birmingham","B48 7LP","Thomas & Libowitz Pa","412-741-4236","http://www.kyliebridgeman.com""60","Burton","Brining","01527 zzz 769","07 790 xxx 994","burton@brining.com","13 Tennal Drive","Sutton Coldfield","","B60 3QL","Corcoran Machine Company","330-262-7555","http://www.burtonbrining.com""61","Travis","Brockert","0121 124 5zz2","07 780 xxx 363","travis@brockert.com","256 Flaxley Road","Perry Barr","Birmingham","B32 3XE","Santa Cruz Title Co","602-995-0966","http://www.travisbrockert.com""62","Pamala","Brodtmann","01952 zzz 381","07 789 xxx 561","pamala@brodtmann.com","256 Flaxley Road","Birmingham","Birmingham","TF1 3QS","Gagen, William E Jr","808-926-6173","http://www.pamalabrodtmann.com""63","Candice","Bruckman","0121 147 7zz1","","candice@bruckman.com","51 Hawkes Close","Birmingham","Sutton Coldfield","B29 7RG","Fernando Foods Inc","515-332-9083","http://www.candicebruckman.com""64","Rebeca","Brumet","01564 zzz 720","","rebeca@brumet.com","21 Clifford Road","Shawbirch","Dudley","B93 8JY","Kingston Office Supplies Inc","773-772-1603","http://www.rebecabrumet.com""65","Kenya","Bruni","0121 148 1zz8","","kenya@bruni.com","Flat 15 Major Court","Smethwick","Birmingham","B38 8AJ","Hurley, Thomas J Jr","201-646-8526","http://www.kenyabruni.com""66","Germaine","Bruski","","","germaine@bruski.com","120 Wigorn Road","Sutton Coldfield","","WV6 OHX","Alloy Founders","907-456-9261","http://www.germainebruski.com""67","Vivian","Brzostowski","0121 142 3zz9","","vivian@brzostowski.com","165 Cateswell Road","Shirley","Ironbridge","B17 9RD","Savage, Philip M Iii","215-788-3902","http://www.vivianbrzostowski.com""68","Beverley","Bunche","0121 147 3zz7","","beverley@bunche.com","35 Redhill Close","Hall Green","Stratford Upon Avon","B29 5BU","Nurses Organization Vets Affrs","305-591-7751","http://www.beverleybunche.com""69","Diann","Burigsay","0121 135 5zz9","","diann@burigsay.com","19a Poplar Crescent","Shirley","Telford","B16 8AE","Snyder, Stephen E Esq","310-321-0564","http://www.diannburigsay.com""70","Leslie","Cackowski","0121 144 2zz1","07 784 xxx 675","leslie@cackowski.com","15 Staple Hall Road","Hall Green","Birmingham","B14 5AX","Re, Matthew R Esq","505-325-9042","http://www.lesliecackowski.com""71","Naomi","Caetano","0121 123 0zz3","","naomi@caetano.com","Friars Acre","Erdington","Birmingham","B1 3AQ","Bashlin Industries Inc","201-569-5795","http://www.naomicaetano.com""72","Beverly","Cambel","","07 774 xxx 477","beverly@cambel.com","Flat 25, Brindley Point","Old Road","Birmingham","B16 8AE","Mcintyre Mcintyre & Mcintyre","907-272-3618","http://www.beverlycambel.com""73","Audra","Cantu","","","audra@cantu.com","128 Station Road"," Chamberlain Park","Birmingham","B29 6RX","Chesapeake Telephone Systems","908-756-5441","http://www.audracantu.com""74","Amelia","Caputo","0121 153 3zz8","07 798 xxx 115","amelia@caputo.com","25, Peartree Lane","Rubery","","B90 3IZ","Security Marketing Agency","907-456-7535","http://www.ameliacaputo.com""75","Lynda","Caraway","0121 155 2zz4","07 781 xxx 817","lynda@caraway.com","20 Middleton Hall Road","Harborne","Birmingham","B62 9HB","Lowe Art Museum","215-564-2241","http://www.lyndacaraway.com""76","Hans","Carlan","","07 775 xxx 651","hans@carlan.com","Apartment 91, Newhampton Lofts","Barnt Green","Whittington","B16 8AE","Midlen & Guillot Chartered","907-276-6002","http://www.hanscarlan.com""77","Melinda","Carleton","0121 143 7zz2","07 772 xxx 789","melinda@carleton.com","84 Tithe Barn Drive","Smethwick","","B14 4JQ","Cenol Co","631-399-6025","http://www.melindacarleton.com""78","Martin","Carley","0121 142 8zz1","","martin@carley.com","13 Victoria Street","Sparkbrook","Birmingham","B29 5JD","Heil, John P Esq","828-586-8059","http://www.martincarley.com""79","Hilario","Cassa","01283 zzz 834","","hilario@cassa.com","155 Acheson Road","Moseley","","DE13 8LF","Independence Assocaites Inc","310-828-1895","http://www.hilariocassa.com""80","Boris","Catino","0121 144 9zz0","07 780 xxx 869","boris@catino.com","25 Lunt Grove","Rubery","","B13 9SU","Dream Homes Usa Inc","757-627-6195","http://www.boriscatino.com""81","Rita","Center","01922 zzz 923","","rita@center.com","7 Thuree Road","Hawkesley","Birmingham","WS1 2PJ","R D Playman Co","337-269-7011","http://www.ritacenter.com""82","Adela","Cervantsz","0121 124 2zz4","","adela@cervantsz.com","17, Sheepcote Street","Worcester","Birmingham","B32 2TA","Arizona Awards","205-755-1034","http://www.adelacervantsz.com""83","Lesa","Chantry","01531 zzz 389","","lesa@chantry.com","93 Fountain Road","Selly Oak","Kent","HR8 2JX","Lutz Cichy Selig & Zeronda","215-923-9492","http://www.lesachantry.com""84","Virgil","Chinni","","07 773 xxx 678","virgil@chinni.com","117 Grange Road","Birmingham","","B15","Dorfman Abrams Music & Co","808-841-9646","http://www.virgilchinni.com""85","John","Chipley","0121 643 5858","","john@chipley.com","54 Nottingham Road","Bordesley Green","Worcester","B16 8AE","Manpower Temporary Services","201-224-7282","http://www.johnchipley.com""86","Robyn","Christophel","0121 168 5zz1","07 788 xxx 100","robyn@christophel.com","12 William Court","Pritchatts Park","Birmingham","B90 8NB","Woodward, John C Esq","702-458-2093","http://www.robynchristophel.com""87","Gaston","Cieloszyk","0121 124 3zz6","07 784 xxx 363","gaston@cieloszyk.com","18 Edward Court","West Bromwich","Birmingham","B18 7JT","Center For Hope Hospice Inc","724-479-7077","http://www.gastoncieloszyk.com""88","Hanna","Cinkan","0121 142 1zz2","07 779 xxx 986","hanna@cinkan.com","50 Staple Hill Road","Engine Street","Sutton Coldfield","B62 9ND","Northbrook Flowers","305-477-7089","http://www.hannacinkan.com""89","Henrietta","Cintora","0121 124 9zz9","07 780 xxx 687","henrietta@cintora.com","35 Holly Mount","Swiss Valley","","B13 9HP","Keyes, Judith Droz Esq","304-743-7475","http://www.henriettacintora.com""90","Sharlene","Circelli","","","sharlene@circelli.com","5 Wulnut Close","Shirley","","B91 3RL","Calibron Systems Inc","509-783-7346","http://www.sharlenecircelli.com""91","Petra","Clemmens","0121 643 5858","","petra@clemmens.com","28 April Croft","Sheldon","Birmingham","B16 8AE","Belton Industries Inc","561-394-1574","http://www.petraclemmens.com""92","Annabelle","Coger","0121 142 4zz4","07 797 xxx 896","annabelle@coger.com","44 Shorters Avenue","","","B67 5LH","Center For Resource Management","318-865-7381","http://www.annabellecoger.com""93","Wilmer","Constantineau","0121 143 6zz2","","wilmer@constantineau.com","Dove Dale","","Birmingham","B47 5ND","Nutra Source","541-345-4884","http://www.wilmerconstantineau.com""94","Madonna","Cosby","0121 144 2zz4","07 796 xxx 520","madonna@cosby.com","130 Shenley Fields Road","Shirley","Redditch","B13 8ET","Emanuel Reider Architects Inc","415-956-5134","http://www.madonnacosby.com""95","Tyree","Courrege","0121 142 8zz0","07 771 xxx 909","tyree@courrege.com","5 Kesteven Close","Nechells","","B32 2DY","Stitch Craft","713-690-4043","http://www.tyreecourrege.com""96","Corinne","Cowan","0121 124 4zz6","","corinne@cowan.com","101 Warren Hill Road","Whittington","Sutton Coldfield","B13 9DA","Ward Equipment Co","406-628-9418","http://www.corinnecowan.com""97","Billie","Cowley","0121 142 8zz5","07 770 xxx 347","billie@cowley.com","27 Carters LAne","Coventry","","B62 9SX","Spears, Robert M Esq","215-548-4706","http://www.billiecowley.com""98","Rubin","Crotts","","07 777 xxx 015","rubin@crotts.com","27 Carters Lane","Weoley Castle","Birmingham","B47 6LE","Misko, Charles G Esq","760-327-0929","http://www.rubincrotts.com""99","Morton","Crummell","0121 147 3zz0","07 773 xxx 351","morton@crummell.com","17, Sheepcote Street","Sutton Coldfield","Edgbaston","B31 3TH","Boykin Management Co","303-546-1589","http://www.mortoncrummell.com""100","Coleman","Cuneo","01429 zzz 569","","coleman@cuneo.com","73 Henry Road","Bearwood","","B66 4EJ","M & M Mars","724-627-2305","http://www.colemancuneo.com""101","Dwain","Cuttitta","01926 zzz 091","07 791 xxx 681","dwain@cuttitta.com","5 Vesey Road","St. Hilaire du Bois","Skirlaugh","CV35 8BT","Kintech Stamping Inc","202-265-9475","http://www.dwaincuttitta.com""102","Elmo","Dagenais","0121 144 6zz8","07 783 xxx 244","elmo@dagenais.com","The Mount House","Stirchley","","B13 9HP","P C Routing Inc","804-796-9493","http://www.elmodagenais.com""103","Jeanie","Dalen","0121 135 1zz9","","jeanie@dalen.com","The Mount House","Kings Heath","Ironbridge","B76 8DS","Ivs Media Inc","215-788-7666","http://www.jeaniedalen.com""104","Danny","Dales","01251 zzz 404","","danny@dales.com","Flat 2, 2B Oxford Road","Edgbaston","Birmingham","B20 2LG","Barrett Bindery Co","602-225-9028","http://www.dannydales.com""105","Dollie","Daquino","0121 155 1zz9","07 786 xxx 645","dollie@daquino.com","87 Arden Road","Kings Heath","","B71 4HF","Jd Edwards & Co","512-478-9874","http://www.dolliedaquino.com""106","Brant","Darnel","0121 124 5zz8","","brant@darnel.com","6 Tenbury Road","Dawlish Road","Tipton","B17 8EH","Cody, Daniel S Esq","440-974-7476","http://www.brantdarnel.com""107","Rosalyn","Daulton","0121 168 8zz4","07 770 xxx 542","rosalyn@daulton.com","6 Tenbury Road","Brierley Hill","Birmingham","B11 4JG","Rodgard Corp","973-338-1603","http://www.rosalyndaulton.com""108","Isaac","Davensizer","0121 124 6zz9","","isaac@davensizer.com","71 The Ridge","Kings Heath","Birmingham","B29 7RD","Dillon Measurement Instruments","808-544-6357","http://www.isaacdavensizer.com""109","Tamara","Declue","0121 144 8zz2","07 788 xxx 089","tamara@declue.com","3/270 Edward Road","","Birmingham","B29 5DU","Glen Burnie The Bank Of","713-871-6355","http://www.tamaradeclue.com""110","Delmer","Delucas","0121 161 1zz6","07 771 xxx 031","delmer@delucas.com","37 Woodland Road","Barton-under-Needwood","Berkshire","B21 9AQ","American Processing Co Inc","716-874-3467","http://www.delmerdelucas.com""111","Miquel","Demicco","01295 zzz 162","","miquel@demicco.com","94 Abbey Road","Bearwood","Birmingham","OX17 2BJ","Welk Resort Center","303-730-8087","http://www.miqueldemicco.com""112","Sabrina","Deppert","0121 131 3zz3","","sabrina@deppert.com","4 Ann Road","Wordsley","Birmingham","B76 1XT","Americold","602-954-6266","http://www.sabrinadeppert.com""113","Lashonda","Derouen","0121 152 7zz6","07 774 xxx 810","lashonda@derouen.com","26 Chancellors Close","Moseley","Birmingham","B17 8QA","Travel Agent Magazine","703-684-0307","http://www.lashondaderouen.com""114","Robbie","Deshay","0121 136 0zz9","07 796 xxx 480","robbie@deshay.com","81 Stratford Road","Edgbaston","","B44 9TS","Cornhusker Press","916-372-1333","http://www.robbiedeshay.com""115","Sherwood","Detillier","0121 160 6zz3","","sherwood@detillier.com","129 Cot Lane","","","B29 6RH","Minteq International","818-703-0447","http://www.sherwooddetillier.com""116","Suzette","Devaughan","01907 zzz 905","07 794 xxx 834","suzette@devaughan.com","125 Grange Road","","Solihull","WR5 7NN","Anchor Graphics Inc","201-342-9862","http://www.suzettedevaughan.com""117","Manuel","Dienhart","0121 130 3zz4","07 792 xxx 152","manuel@dienhart.com","16 Dellow Grove","Harborne","","B75 6LY","Bohning Co Ltd","513-357-7989","http://www.manueldienhart.com""118","Justina","Dragaj","0121 643 5858","","justina@dragaj.com","Field View","Oldswinford","Solihull","B16 8AE","Uchner, David D Esq","901-327-2911","http://www.justinadragaj.com""119","Oma","Duffy","01384 zzz 410","","oma@duffy.com","Field View","Kings Heath","Birmingham","DY3 1LN","Laun Law Offices","937-746-4129","http://www.omaduffy.com""120","Rene","Dummermuth","0121 168 5zz4","07 775 xxx 831","rene@dummermuth.com","32 Kesworth Drive","45 Barn Lane","Birmingham","B42 1LJ","Super 8 Motel","973-292-5898","http://www.renedummermuth.com""121","Willa","Dutt","0121 173 2zz9","07 782 xxx 570","willa@dutt.com","5 Brambling","Great Barr","Warwickshire","B16 8AE","Gutmann Leather Co Inc","907-456-2187","http://www.willadutt.com""122","Charity","Dyckman","0121 643 5858","","charity@dyckman.com","6 Camino Road","Little  Marcle","Birmingham","B16 8AE","Marriott, Frank Jr","907-349-4449","http://www.charitydyckman.com""123","Marianne","Earman","0121 148 1zz6","07 794 xxx 375","marianne@earman.com","The Crows Nest","Smethwick","","B30 2 NZ","Albers Technologies Corp","407-857-2506","http://www.marianneearman.com""124","Waldo","Edberg","0121 162 5zz6","","waldo@edberg.com","Le Collet","Back Lane","Llanelli","B26 2DH","Bush Building Corporation","662-842-8645","http://www.waldoedberg.com""125","Kevin","Edd","","","kevin@edd.com","Le Collet","Oldbury","","B15 1UJ","Peebles, William J Esq","401-453-7085","http://www.kevinedd.com""126","Gracie","Ehn","","07 794 xxx 580","gracie@ehn.com","72 Springfield Road","Hollywood","","B17 ONH","P C Systems","808-247-7982","http://www.gracieehn.com""127","Millicent","Ekstrom","0121 143 3zz5","07 773 xxx 214","millicent@ekstrom.com","118 Craythorn Avenue","Kings Norton","Birmingham","B67 5JN","Personal Creations Inc","812-537-5442","http://www.millicentekstrom.com""128","Renae","Eldrige","0121 124 7zz0","07 797 xxx 269","renae@eldrige.com","Flat 8 Broughton Court","Moseley","Birmingham","B76 2SX","Pexco Packaging Corp","585-591-9104","http://www.renaeeldrige.com""129","Jacklyn","Emayo","01299 zzz 299","","jacklyn@emayo.com","73 Sycamore Road","Black Lake","","DY12 2RE","Super 8 Motel Temple","973-882-1908","http://www.jacklynemayo.com""130","Vernon","Engelman","0121 643 5858","","vernon@engelman.com","21 Orwell Road","","Stirchley","B16 8AE","Atlas Metal Cutting Inc","920-748-3703","http://www.vernonengelman.com""131","Lashonda","Enote","","07 775 xxx 796","lashonda@enote.com","92 Dagger Lane","Acocks Green","SellyOak","B1 2HL","Nichols Village The Inn","818-704-7539","http://www.lashondaenote.com""132","Misty","Ericksen","","07 798 xxx 598","misty@ericksen.com","92 Dagger Lane","West Bromwich","Solihull","N4 2DN","Graham & Associates Inc","509-235-1856","http://www.mistyericksen.com""133","Jade","Erlebach","0121 144 4zz2","07 798 xxx 002","jade@erlebach.com","9 Granville Square","Kings Heath","","B14 7QW","Vickery Tape & Label Co Inc","805-445-9961","http://www.jadeerlebach.com""134","Teri","Erlewine","01477 zzz 002","07 794 xxx 320","teri@erlewine.com","6 Heathlands Crescent","","","B31 1RB","League Of Kans Municipalities","727-327-8494","http://www.terierlewine.com""135","Vince","Ettel","0121 155 1zz0","07 785 xxx 380","vince@ettel.com","6 Heathlands Crescent","Highgate","Birmingham","B68 8JL","Breen Trucking","402-399-6478","http://www.vinceettel.com""136","Kerry","Evertt","0121 174 8zz9","07 772 xxx 930","kerry@evertt.com","34 Mushroom Hall Road","Handsworth Wood","Solihull","B90 2ET","Washington Crossing Inn","407-332-1718","http://www.kerryevertt.com""137","Erica","Eyrich","0121 156 3zz6","07 798 xxx 061","erica@eyrich.com","72 Willows Crescent","Selly Oak","Birmingham","B29 5BN","C & I Computer Services Inc","406-728-4789","http://www.ericaeyrich.com""138","Hannah","Facio","01902 zzz 065","07 784 xxx 314","hannah@facio.com","Flat 5, 43 Woodbridge Road","Edgbaston","Birmingham","WS2 0NB","Cmptr Pros For Scl","706-283-6916","http://www.hannahfacio.com""139","Jeri","Farstvedt","","","jeri@farstvedt.com","35 Pitmaston Court","Church Road","Edbgbaston","B1 1UD","Regan, Denis J Esq","818-986-6786","http://www.jerifarstvedt.com""140","Angelo","Ferentz","0121 144 7zz1","07 773 xxx 047","angelo@ferentz.com","12 Bewdley Road","Quinton","SellyOak","B48 7NR","Reagan, William L Esq","323-262-8693","http://www.angeloferentz.com""141","Kyle","Ferri","","07 781 xxx 061","kyle@ferri.com","6 Wyvern Road","Bromsgrove","","B16 8AE","Ames Plumbing & Heating","907-272-7109","http://www.kyleferri.com""142","Rosemarie","Fifield","0121 161 2zz8","","rosemarie@fifield.com","134 Sandford Road","Acocks Green","","B16 8HJ","Technology Services","808-836-6008","http://www.rosemariefifield.com""143","Karen","Flierl","0121 143 4zz3","","karen@flierl.com","134 Sandford Road","Manor Road","Birmingham","B14 4NE","Cook Vetter Doerhoff","512-477-1407","http://www.karenflierl.com""144","Taylor","Fogerty","0121 145 0zz7","07 795 xxx 512","taylor@fogerty.com","51 Higgs Field Crescent","","Birminghm","B16 9LQ","Khoury Factory Outlet","303-465-2109","http://www.taylorfogerty.com""145","Marla","Folz","01531 zzz 389","","marla@folz.com","38 Copse Close","Solihull","Stourbridge","HR8 2JX","Odonoghue C Kevin","256-464-6964","http://www.marlafolz.com""146","Wes","Fontanella","01689 zzz 502","07 798 xxx 145","wes@fontanella.com","22 Erica Close","Kings Norton","","B13 9EJ","Woodside Travel Trust","310-515-2515","http://www.wesfontanella.com""147","Athena","Fontanilla","0121 142 2zz5","","athena@fontanilla.com","Skye West","Birmingham","Birmingham","B67  5LP","Willamette Hobbies","215-438-1716","http://www.athenafontanilla.com""148","Geri","Forness","","07 782 xxx 292","geri@forness.com","60 Sandy Hill Road","King’s Heath","Moseley","B29 7SS","Quality Dynamics Group","812-738-4816","http://www.geriforness.com""149","Byron","Fortuna","0121 124 4zz6","","byron@fortuna.com","7 East Pathway","Little  Marcle","Birmingham","B13 9DA","Jackson & Collins Pa","406-549-4641","http://www.byronfortuna.com""150","Danette","Fostervold","0121 142 4zz7","07 779 xxx 596","danette@fostervold.com","31 Clarence Rd","9 Narrow Lane","","B67 5LQ","Flach, Douglas Esq","408-225-5205","http://www.danettefostervold.com""151","Barton","Friesner","","07 781 xxx 038","barton@friesner.com","55 Lloyd Road","Meriden","","B14 7RR","Optical Supply","845-896-1692","http://www.bartonfriesner.com""152","Annette","Frietas","0121 163 4zz2","07 709 xxx 554","annette@frietas.com","25 Warren Road","Sutton Coldfield","","B16 8JB","Monsanto Chemical Company","212-944-9464","http://www.annettefrietas.com""153","Cherie","Fuhri","01902 zzz 022","07 797 xxx 969","cherie@fuhri.com","57 Wood Lane","King's Heath","Edgbaston","B16 8AE","Continental Baking Co","907-456-8467","http://www.cheriefuhri.com""154","Chase","Furler","","07 795 xxx 114","chase@furler.com","17 Northwood Lane","20 Sheepcote Street","","B1 2JR","Hostetler & Kowalik","785-354-3042","http://www.chasefurler.com""155","Elmo","Gabouer","21243 zzz 201","","elmo@gabouer.com","52 Abbey Road","Goodby Road","","B13 OLH","Conduit & Foundation Corp","215-862-7006","http://www.elmogabouer.com""156","Teodoro","Gaboury","0121 135 5zz6","","teodoro@gaboury.com","16 Moorhills Croft","Solihull","","B23 5QH","Bostek, Eva M Dvm","330-783-9674","http://www.teodorogaboury.com""157","Jarvis","Galas","0121 170 9zz0","07 781 xxx 312","jarvis@galas.com","16 Moorhills Croft","Oscott Gardens","Solihull","B91 2DZ","Younghans & Burke","912-236-8705","http://www.jarvisgalas.com""158","Mildred","Gallegas","","07 772 xxx 905","mildred@gallegas.com","1 Cadbury  Road","Great Bar","Birmingham","B16 8AE","Rogers, William A Jr","302-792-1282","http://www.mildredgallegas.com""159","Kay","Ganguli","","","kay@ganguli.com","28 Callow Hill Road","","Birmingham","CV1 2BX","Hanson, Bruce Esq","702-876-9367","http://www.kayganguli.com""160","Randal","Gansen","0121 145 7zz3","","randal@gansen.com","55 Ashgrove Close","Selly Oak","","B30","Quik Print","585-238-7764","http://www.randalgansen.com""161","Maryann","Garnette","01781 zzz 817","","maryann@garnette.com","93 Weoley Avenue","Solihull","Moseley","WV14  OUA","Catholic University Of","717-560-5625","http://www.maryanngarnette.com""162","Lana","Garrigus","0121 121 4zz5","07 781 xxx 711","lana@garrigus.com","70 Hay Green Lane","Halesowen","Birmingham","B17","Russell Builders & Hardware","503-434-8121","http://www.lanagarrigus.com""163","Judy","Gartenmayer","0121 144 4zz5","07 783 xxx 815","judy@gartenmayer.com","49 Swindon Road","61 Wellington Road","Walmley","B14 7RX","Pro Infusion Pharm Inc","321-676-3378","http://www.judygartenmayer.com""164","Eddie","Gauer","0121 142 3zz6","07 790 xxx 217","eddie@gauer.com","9 Springfield Court","Gainsborough Crescent","Birmingham","B17 9HE","Easy Mail","515-233-6551","http://www.eddiegauer.com""165","Marion","Gaulden","","","marion@gaulden.com","49 Limberlost Close","Moseley","Great Barr","B63 3RT","Madden, John H Jr","434-979-2694","http://www.mariongaulden.com""166","Jacinto","Gawron","0121 130 8zz1","","jacinto@gawron.com","22 Glebe Drive","Moseley","","B74 2QF","Matt Kokkonen Insurance Agency","215-297-5442","http://www.jacintogawron.com""167","Gayla","Geimer","","07 777 xxx 465","gayla@geimer.com","2 Avenue House","Cradley Heath","Moseley","B16 8AE","Ortman Mccain Co","909-620-2768","http://www.gaylageimer.com""168","Deanna","Gerbi","0121 149 9zz7","","deanna@gerbi.com","68 Sandhurst Road","Moseley","Moseley","B13 9TD","Centerville Historical Society","201-433-3619","http://www.deannagerbi.com""169","Wilfredo","Gidley","0121 135 4zz2","07 792 xxx 578","wilfredo@gidley.com","33 Sheridan Street","Kings Norton","","TBC","Mclaughlin, John F Esq","808-924-7666","http://www.wilfredogidley.com""170","Allyson","Gillispie","21686 zzz 700","07 792 xxx 990","allyson@gillispie.com","25, Peartree Lane","Lye","Birmingham","B73 5NP","De Friese Theo & Sons","609-584-0645","http://www.allysongillispie.com""171","Rich","Gleave","","07 796 xxx 664","rich@gleave.com","30 Chelford Crescent","462 Quinton Road West","Birmingham","B16 8AE","Finkelstein, Bernard A Cpa","907-277-2227","http://www.richgleave.com""172","Ed","Gompf","0121 142 5zz6","07 774 xxx 008","ed@gompf.com","15 Regent Road","Handsworth Wood","Birmingham","B16 8AE","Corro Therm Inc","570-799-4583","http://www.edgompf.com""173","Tisha","Gorder","0121 160 2zz5","07 777 xxx 919","tisha@gorder.com","12 Sunnybank Road","Selly Oak","Birmingham","B14 6AD","Paroly Rampart Sec Systems","312-642-2664","http://www.tishagorder.com""174","Felipe","Gould","01384 zzz 853","","felipe@gould.com","18 Peacock Road","Bearwood","Llanelli","DY8 1NF","Black, Ronald H","228-875-6402","http://www.felipegould.com""175","Elisa","Gracely","0121 145 6zz3","07 797 xxx 718","elisa@gracely.com","35 Hollingberry Lane","Oldbury","Birmingham","B38 8DP","Alexander, Christine T Esq","718-627-9346","http://www.elisagracely.com""176","Sandra","Graen","01384 zzz 795","07 790 xxx 152","sandra@graen.com","38 Hawthorne Road","Alvechurch","","DY6 9SD","Action Remediation Co","320-587-7201","http://www.sandragraen.com""177","Valentine","Granberry","01252 zzz 904","07 793 xxx 231","valentine@granberry.com","The Firs","Birmingham","Worcestershire","B20 2NF","Sunnyvale Travel","407-775-0598","http://www.valentinegranberry.com""178","Chi","Greenlaw","01554 zzz 921","07 770 xxx 355","chi@greenlaw.com","171 Shawhurst Lane","Kings Norton","","SA14 8DW","E & T Screw Machine Products","480-946-1657","http://www.chigreenlaw.com""179","Naomi","Greenly","0121 144 0zz0","","naomi@greenly.com","283 Church Road","Knowle","Oldbury","B14 7TD","Kpmg Peat Marwick Llp","256-845-2469","http://www.naomigreenly.com""180","Rena","Griffeth","","07 779 xxx 409","rena@griffeth.com","30 Ashtree Road","Meadow Park","Moseley","B13 OSN","Reliable Optical","818-709-2649","http://www.renagriffeth.com""181","Alfonso","Griglen","0121 137 2zz5","07 778 xxx 551","alfonso@griglen.com","Bourne Cottage","Dalgety Bay","Birmingham","B73 5RE","Paul D Friedman","419-634-5733","http://www.alfonsogriglen.com""182","Shelley","Groden","0121 177 1zz5","","shelley@groden.com","Titford Pump House","","Birmingham","B11 4ER","Norton, Robert L Esq","210-229-9757","http://www.shelleygroden.com""183","Robin","Grotz","","07 790 xxx 752","robin@grotz.com","131 Poplar Avenue","Birmingham","Birmingham","B16 8AE","Hackett, Peter J","903-792-5309","http://www.robingrotz.com""184","Gregg","Guevarra","01472 zzz 402","07 777 xxx 571","gregg@guevarra.com","23 Sandhills Road","Yardley","","B30 1UG","Arbor Center","910-799-1965","http://www.greggguevarra.com""185","Jasmin","Gum","01788 zzz 454","07 781 xxx 026","jasmin@gum.com","114, Beamont Road","Sutton Coldfield","Birmingham","CV21 1NF","White, Samuel I Esq","978-562-5062","http://www.jasmingum.com""186","Sue","Haakinson","","07 777 xxx 164","sue@haakinson.com","145 Park Hill Road","","Birmingham","B29 4ED","Kim Peacock Beringhause","602-953-0355","http://www.suehaakinson.com""187","Warren","Hacher","0121 124 5zz2","07 790 xxx 026","warren@hacher.com","22 Malt House Lane","Birmingham","Erdington","B32 3XE","Josel, Stephen C Esq","325-691-7394","http://www.warrenhacher.com""188","Bart","Hachey","0121 144 6zz0","07 773 xxx 460","bart@hachey.com","9 Treetops","35 Wake Green Road","Staffs","B20 1LM","Pip Printing","330-533-6543","http://www.barthachey.com""189","Theron","Hambright","0121 145 8zz9","07 784 xxx 941","theron@hambright.com","9 Treetops","NewBridge","Birmingham","B38 9AQ","Sensor Oil And Gas Inc","616-392-0226","http://www.theronhambright.com""190","Marlene","Hammeren","","","marlene@hammeren.com","32 Quorn House","Kings Norton","Birmingham","B16 8AJ","Chamot, Philip S Esq","256-533-1176","http://www.marlenehammeren.com""191","Miranda","Hammitt","01543 zzz 313","","miranda@hammitt.com","124 Swanshurst Lane","Bearwood","Birmingham","WS14 9NL","Steindel, Carl R Md","956-541-9021","http://www.mirandahammitt.com""192","Jimmie","Hardgrove","0121 142 6zz5","","jimmie@hardgrove.com","50 Holly Road","89 Metchley Lane","Birmingham","B17 0RB","Prosthodontic Associates","212-980-6914","http://www.jimmiehardgrove.com""193","Mitchel","Harnar","0121 124 3zz8","07 775 xxx 825","mitchel@harnar.com","24 Heatherdale","Moseley","","B44 8ET","Copycat Quick Print","307-632-2516","http://www.mitchelharnar.com""194","Bradly","Hasselvander","01952 zzz 056","","bradly@hasselvander.com","95 Humphrey Middlemore Drive","Laureates Walk","Erdington","TF8 7RB","Public Works Department Office","310-374-2363","http://www.bradlyhasselvander.com""195","Lashawn","Hasty","","07 797 xxx 798","lashawn@hasty.com","55 Marshwood Croft","Harborne","","B29 7BU","Kpff Consulting Engineers","626-960-1503","http://www.lashawnhasty.com""196","Jude","Haza","0121 145 9zz1","07 781 xxx 623","jude@haza.com","55 Marshwood Croft","Hollywood","Birmingham","B30 2EN","Howard Fabrication","615-790-3042","http://www.judehaza.com""197","Brice","Hedglin","01384 zzz 367","","brice@hedglin.com","19 Jasmine Croft","Halesowen","Birmingham","DY3 2XG","Cupkovic, Walter D Esq","615-292-9027","http://www.bricehedglin.com""198","Davis","Heideman","0121 123 3zz5","","davis@heideman.com","21 Kenrick House","Madeley  Road","Birmingham","B6 4DQ","Dennis J Wall Atty At Law Pa","817-332-5439","http://www.davisheideman.com""199","Delphine","Helmich","0121 142 1zz4","07 772 xxx 913","delphine@helmich.com","39 Anita Avenue","King's Heath","","B68 OBD","Friends Hospital","831-763-0923","http://www.delphinehelmich.com""200","Barbara","Hindley","0121 160 4zz5","","barbara@hindley.com","51 Leighton Road","35 Wake Green Road","Stourbridge","B27 7QU","Kirin Amgen","818-841-8221","http://www.barbarahindley.com""201","Peggy","Hohlstein","0121 144 2zz1","07 785 xxx 703","peggy@hohlstein.com","16 Brett Street","Harboprne","","B60 1HN","Steritek Inc","413-543-3805","http://www.peggyhohlstein.com""202","Sheila","Holloran","","07 785 xxx 106","sheila@holloran.com","77 Bloomsbury Grove","Hunt End","Birmingham","B17 9JU","Warehouse On Wheels","419-547-4835","http://www.sheilaholloran.com""203","Hillary","Holmes","","07 788 xxx 972","hillary@holmes.com","8 Barbara Street","Kings Norton ","","B62 8AU","Dennis N Brager Law Offices Of","530-626-6128","http://www.hillaryholmes.com""204","Marta","Horner","0121 174 9zz1","07 770 xxx 050","marta@horner.com","Studio 7, 19 Rock Street","Handsworth","Djudley","B90 2QB","Scisci, Pasquale M","858-265-6604","http://www.martahorner.com""205","Pat","Hoshaw","0121 142 6zz5","","pat@hoshaw.com","98 Osmeston Road","Bournville","Solihull","B17 0RB","Jorgensen, James L Esq","610-644-3252","http://www.pathoshaw.com""206","Jimmy","Hrobsky","","","jimmy@hrobsky.com","83 Lightwoods Road","Selly Park","Northfield","B97 5UN","Howard Johnson","858-268-4964","http://www.jimmyhrobsky.com""207","Carla","Humble","","","carla@humble.com","26 Rectory Gardens","Stechford","Birmingham","B13 9PY","Express Printing Center","818-768-1832","http://www.carlahumble.com""208","Reginald","Humes","","","reginald@humes.com","Flat5 Room 6, Anstey House","Walsall","Birmingham","B17 OEU","Cowley & Chidester","603-569-8142","http://www.reginaldhumes.com""209","Marshall","Hutch","0121 133 3zz3","","marshall@hutch.com","9 Wylde Green Road","Stirchley","","TBC","Nako, Joy Y","724-225-7064","http://www.marshallhutch.com""210","Mari","Hwang","","","mari@hwang.com","178 Alcester Road South","Kingswinford","Birmingham","B12 OSU","Play Craft Pontoon Co","949-583-7758","http://www.marihwang.com""211","Lina","Hybarger","0121 144 5zz8","07 780 xxx 650","lina@hybarger.com","23 Kinsthorpe Road","Selly  Oak","Tamworth","B13 9SN","L & H Central Office","202-833-3174","http://www.linahybarger.com""212","Lacy","Hyten","0121 174 9zz8","07 781 xxx 119","lacy@hyten.com","Room 48 Chelwood WingChamberlain Hall","Broughton Green","","B90 3ES","Buy & Sell Press","609-683-0649","http://www.lacyhyten.com""213","Helene","Iberg","0121 154 0zz5","07 785 xxx 056","helene@iberg.com","43 Hallam Street","Earlswood","West Bromwich","B69 4NL","Spec Check Inc","440-786-9246","http://www.heleneiberg.com""214","Mitzi","Ihenyen","0121 144 4zz4","07 786 xxx 907","mitzi@ihenyen.com","Weeford house","Wythall","Harborne","B13 9PT","Helm, Norman O","212-838-3221","http://www.mitziihenyen.com""215","Deshawn","Inafuku","0121 152 2zz2","07 787 xxx 634","deshawn@inafuku.com","51 Hawkes Close","Bearwood","","B71 4BS","Telair Div Of Teleflex Inc","361-884-3985","http://www.deshawninafuku.com""216","Quintin","Isacson","01964 zzz 357","07 782 xxx 009","quintin@isacson.com","24 Knightswood Close","3 Lapal Lane North","University Of Birmingham","HU11 5EW","Spectrum Constrctn & Dev Corp","323-469-3082","http://www.quintinisacson.com""217","Lucien","Iurato","0121 147 3zz8","07 740 xxx 696","lucien@iurato.com","54 Dufton Road","Yardley Wood","Stourbridge","B29 7TL","Anderson Consulting","718-871-3483","http://www.lucieniurato.com""218","Meredith","Ivrin","0121 143 3zz2","07 790 xxx 056","meredith@ivrin.com","155 Park Hill Road","Small Heath","Tamworth","B67 5HJ","Hamilton Financial Corp","217-446-2369","http://www.meredithivrin.com""219","Nelly","Jakuboski","01527 zzz 337","","nelly@jakuboski.com","Flat 2 Bracebridge Court","24 Bridge Street","Birmingham","B60 1DF","Hammerman, Stanley M Esq","203-438-5109","http://www.nellyjakuboski.com""220","Timothy","Janski","0121 643 5858","","timothy@janski.com","150 Milner Road","Edgbaston","Birmingham","B16 8AE","Snyder Chevrolet Olds Geo Co","907-344-4086","http://www.timothyjanski.com""221","Lee","Javens","0121 162 3zz6","07 792 xxx 795","lee@javens.com","4 Church Avenue","Kings Norton","Birmingham","B30 1BY","Dyer, James R Esq","262-763-3845","http://www.leejavens.com""222","Roseann","Jerko","0121 142 8zz1","07 796 xxx 411","roseann@jerko.com","17, Sheepcote Street","Kings Heath","Birmingham","B29  5JD","Larry Farmer Appraisal Co Inc","856-866-1542","http://www.roseannjerko.com""223","Karyn","Jinks","","07 771 xxx 003","karyn@jinks.com","20 Fairyfield Avenue","391 Birmingham Road","Birmingham","B6 4AS","Maslen, David Esq","972-289-3319","http://www.karynjinks.com""224","Mack","Jurasin","","","mack@jurasin.com","18 Nesbit Grove","Streetley","","B65 9JY","Sherman, Michael D Esq","540-980-2978","http://www.mackjurasin.com""225","Maynard","Kaewprasert","0121 124 4zz5","07 771 xxx 757","maynard@kaewprasert.com","41 Mafeking Villas","Crabtree Road","","B28 8DJ","Decatur Studio Inc","213-747-3088","http://www.maynardkaewprasert.com""226","Berta","Karczewski","01564 zzz 728","07 773 xxx 374","berta@karczewski.com","132 Throne Road","Lower Gornal","","B94 5RY","Sather Eng Inc","480-926-7533","http://www.bertakarczewski.com""227","Prince","Kauk","0121 164 8zz8","07 795 xxx 905","prince@kauk.com","2103 Bedford Road","Shackleton Hall","Birmingham","B16 8CW","Mckesson Drug Co","623-581-2472","http://www.princekauk.com""228","Lana","Keels","0121 144 4zz8","","lana@keels.com","109, Milcote Road","Handsworth Wood","Solihull","B5 7XR","Veron, J Michael Esq","732-462-3575","http://www.lanakeels.com""229","Genevieve","Kekiwi","0121 134 5zz0","07 790 xxx 966","genevieve@kekiwi.com","7 New Road","Kingswinford","","WS5 4NU","Lawson, John F Esq","812-477-3646","http://www.genevievekekiwi.com""230","Karla","Ken","0121 144 7zz1","","karla@ken.com","153 Moor Green Lane","Kings Norton","Birmingham","B14 7DB","Nicollet Process Engineering","815-968-7904","http://www.karlaken.com""231","Rosalia","Kennemur","0121 147 8zz4","","rosalia@kennemur.com","The Coach House","Moseley","Birmingham","B31 2HU","Reagan, Thomas J Esq","318-335-1873","http://www.rosaliakennemur.com""232","Jarrett","Kenzie","01426 zzz 602","","jarrett@kenzie.com","9 Elm Croft","Solihull","","B32 2HY","Young Men Christian Assn Cnty","804-739-7905","http://www.jarrettkenzie.com""233","Jimmie","Kertzman","0121 141 4zz0","07 777 xxx 741","jimmie@kertzman.com","35 Redhill Close","Quinton","Birmingham","B29 7AX","Oregon Pacific Trading Co","808-841-1772","http://www.jimmiekertzman.com""234","Savannah","Kesich","0121 124 6zz0","07 796 xxx 188","savannah@kesich.com","102 Berryfields","Balsall Heath","Birmingham","B30 2BJ","Wbnd Am","435-645-9504","http://www.savannahkesich.com""235","Nickolas","Khosravi","0121 124 2zz9","07 782 xxx 669","nickolas@khosravi.com","10 Thames Court","Harborne","Birmingham","B92 7DX","Brennan, Mary V Esq","949-646-0043","http://www.nickolaskhosravi.com""236","Carolina","Kinlaw","0121 643 5858","","carolina@kinlaw.com","14 Spoon Drive","Wake Green Park","Bromsgrove","B16 8AE","Loftus, Daniel B Esq","908-874-4873","http://www.carolinakinlaw.com""237","Kennith","Kirklin","","","kennith@kirklin.com","Flat 8, Regent House","Sutton Coldfield","Bournville","WV10 9A","Sears Roebuck And Co","615-385-6946","http://www.kennithkirklin.com""238","Judi","Kivel","0121 144 7zz6","07 771 xxx 731","judi@kivel.com","28 April Croft","Moseley","Birmingham","B5 7PH","Postal Place At 111th Square","316-267-5183","http://www.judikivel.com""239","Randall","Kluemper","0121 152 7zz6","07 751 xxx 011","randall@kluemper.com","434 Quinton Road West","Muirhead Tower","Wolverhampton","B70 9UJ","Lifestyles Organization","603-356-6174","http://www.randallkluemper.com""240","Bridget","Knightly","","","bridget@knightly.com","73 Savoy Close","Smethwick","Birmingham","WS1 2BJ","Teamsters Union Local 20","828-251-4242","http://www.bridgetknightly.com""241","Clarice","Knower","0121 160 1zz8","07 792 xxx 789","clarice@knower.com","226 Park Road","Shirley ","Birmingham","B17 |ONY","Yaffa, Andrew B Esq","773-846-1462","http://www.clariceknower.com""242","Tiffany","Knust","0121 173 3zz5","07 781 xxx 093","tiffany@knust.com","6 Camino Road","","","B90 2QB","Vantage Products","408-453-1525","http://www.tiffanyknust.com""243","Yvette","Kokoska","","","yvette@kokoska.com","17, Sheepcote Street","Dowles Village","Birmingham","B44 ORJ","Automation Products Inc","650-468-7716","http://www.yvettekokoska.com""244","Armando","Kolm","0121 643 5858","","armando@kolm.com","8 Forge Lane","","Birmingham","B16 8AE","Cooper & Cooper Cpas","864-260-9205","http://www.armandokolm.com""245","Margarito","Kornbau","","","margarito@kornbau.com","7 Green Oak Crescent","Great Barr","","B15 3SZ","Acker Knitting Mills Inc","512-478-4449","http://www.margaritokornbau.com""246","Gisela","Kosicki","0121 141 1zz2","07 781 xxx 144","gisela@kosicki.com","169 Springfield Road","8 Hodgetts Drive","","B31 2FL","Lisher, John L Esq","818-713-8346","http://www.giselakosicki.com""247","Rosalind","Krenzke","0121 145 4zz9","","rosalind@krenzke.com","134 Upper Meadow Road","George Street","Warley","B30 1DD","Waldein Manufacturing","763-537-3885","http://www.rosalindkrenzke.com""248","Derek","Kreutzbender","0121 147 6zz5","07 795 xxx 377","derek@kreutzbender.com","151 Sycamore Road","Northfield","Birmingham","B29 6PR","Recycle Metals Corp","414-271-6234","http://www.derekkreutzbender.com""249","Rosalie","Krigger","0121 141 5zz9","07 772 xxx 029","rosalie@krigger.com","42 Inchcape Avenue","Bournville Park","","B29 7JA","Aaron, William Esq","845-343-2979","http://www.rosaliekrigger.com""250","Carol","Krisman","0121 144 4zz6","07 784 xxx 652","carol@krisman.com","52 Eva  Road","Smethwick","Birmingham","B13 9HF","Uniglobe Transeas Travel","212-472-9579","http://www.carolkrisman.com""251","Tricia","Kruss","","","tricia@kruss.com","10 Estmoor Crescent","Solihull","Stourbridge","B17 0JU","Edwards, Elwood L","515-262-6264","http://www.triciakruss.com""252","Ione","Kucera","0121 155 7zz9","07 776 xxx 252","ione@kucera.com","6 Mill Bank Mews","Halesowen","Warley","B62 0BQ","Tweedy Penney & Crawford","808-671-3048","http://www.ionekucera.com""253","Rudy","Kuhle","0121 137 4zz7","","rudy@kuhle.com","222 Green Meadow Road","Tamworth","Ledbury","B24 8PG","General Insurcorp Inc","212-628-1234","http://www.rudykuhle.com""254","Milton","Kuhlman","0121 170 9zz8","07 797 xxx 561","milton@kuhlman.com","4 Stapleton Close","Northfield","Solihull","B92 9LW","Imag Corp","870-836-2283","http://www.miltonkuhlman.com""255","Fred","Kunde","0121 145 4zz3","07 781 xxx 635","fred@kunde.com","6 Camino Road","Edgbaston","Birmingham","B16 ORP","Swanson, Victoria C Esq","805-991-4665","http://www.fredkunde.com""256","Bernard","Laboy","0121 124 4zz0","07 776 xxx 838","bernard@laboy.com","86 Claypit Lane","Edgbaston","Birmingham","B23   7BY","Century 21 Keewaydin Prop","815-467-1244","http://www.bernardlaboy.com""257","Jeremy","Lampi","0121 124 9zz9","","jeremy@lampi.com","12 Margaret Road","Warstock","Halesowen","B13 9HP","E Henderson Inc","570-296-4647","http://www.jeremylampi.com""258","Emilio","Lampkin","0121 124 4zz1","","emilio@lampkin.com","704a King Edward’s Wharf","Cradley Heath","Birmingham","B31 3XU","Hendricks, Kenneth J Cpa","856-629-3337","http://www.emiliolampkin.com""259","Conrad","Lanfear","0121 136 6zz9","07 797 xxx 206","conrad@lanfear.com","8 Deepwood Grove","Kings Heath","Birmingham","B43 7TR","Kahler, Karen T Esq","330-758-3536","http://www.conradlanfear.com""260","Sophie","Langner","","","sophie@langner.com","143 Station Road","","","B15 3SX","Kapetanakis, Alexander Esq","808-545-8636","http://www.sophielangner.com""261","Rachel","Larrison","01562 zzz 279","07 781 xxx 040","rachel@larrison.com","19 Wellington Road","Sheepcote Street","Edgbaston","DY9 0HA","Ipa The Editing House","440-282-6918","http://www.rachellarrison.com""262","Edwin","Lavelli","0121 643 5858","","edwin@lavelli.com","17 Vesey Road","West Bromwich","Birmingham","B16 8AE","Letterguide Co","330-385-9959","http://www.edwinlavelli.com""263","Van","Leanen","01562 zzz 523","07 779 xxx 127","van@leanen.com","238 Longmore Road","Ward End","Exeter","DY10 3JF","Mail Boxes Etc","573-365-1055","http://www.vanleanen.com""264","Callie","Leboeuf","","","callie@leboeuf.com","12 Goffs Close","Selly Oak","","B15 2TT","Town Motors","989-354-3712","http://www.callieleboeuf.com""265","Reva","Lecates","0121 643 5858","","reva@lecates.com","Keepers Lodge","Kings Heath","Birmingham","B16 8AE","First American Rlty Assoc Inc","904-261-2123","http://www.revalecates.com""266","Minh","Leclare","0121 162 1zz7","07 780 xxx 905","minh@leclare.com","28 Easrfield Road","40 Benmore Avenue","","B29 6JD","Osach, Ronald C Esq","641-582-0424","http://www.minhleclare.com""267","Lora","Lendor","0121 124 8zz5","07 796 xxx 595","lora@lendor.com","45 Melbourne Road","Halesowen","","B17 9AY","Advanced Electromagnetics Inc","407-870-6229","http://www.loralendor.com""268","Ashley","Leonesio","0121 142 4zz3","07 795 xxx 663","ashley@leonesio.com","42 Inchcape Avenue","King's Norton","","B17 8TR","Martinique Resort Hotel","212-227-4343","http://www.ashleyleonesio.com""269","Vanessa","Lewallen","","","vanessa@lewallen.com","66 Station Road","","","DY7 8TY","Fargo Glass & Paint Co","740-625-1696","http://www.vanessalewallen.com""270","Garfield","Lijewski","0121 155 3zz1","07 791 xxx 053","garfield@lijewski.com","313 Quinton Road ","The Avenue","Birmingham","B63 3RT","Denker, Aaron Esq","773-976-5586","http://www.garfieldlijewski.com""271","Kyle","Lindauer","0121 138 0zz5","","kyle@lindauer.com","2-322 Alcester Road","Kings Norton","Birmingham","B74 3JS","Gem Tec Inc","602-258-8609","http://www.kylelindauer.com""272","Rebekah","Lindboe","0121 145 9zz1","","rebekah@lindboe.com","106 Shirley Road","59 Faulkes Farm Drive","","B30 1|EY","Granite Corporation","972-556-0801","http://www.rebekahlindboe.com""273","Valeria","Lingbeek","0121 142 7zz6","07 777 xxx 676","valeria@lingbeek.com","16 Manor Drive","","Nottingham","B32 2DU","Recreation Director","215-968-1567","http://www.valerialingbeek.com""274","Amos","Linnan","0121 144 7zz8","07 785 xxx 451","amos@linnan.com","39 Syratton Stret","Marlbrook","Wolvern","B14 7ES","Quincy, Jim","773-277-4756","http://www.amoslinnan.com""275","Tia","Lino","","07 788 xxx 416","tia@lino.com","73 Midland Road","","","B13 8NT","Superior Gundrilling","541-466-1661","http://www.tialino.com""276","Savannah","Loffier","","07 775 xxx 685","savannah@loffier.com","32 Lanchester Road","Northfield","Birmingham","B8 2UF","Saint Charles Catv","918-337-4947","http://www.savannahloffier.com""277","Claudio","Loose","0121 145 3zz4","07 785 xxx 101","claudio@loose.com","15 Monkton Road","Quinton","Warley","B31 2RQ","Audiotek Electronics","732-442-1775","http://www.claudioloose.com""278","Bertie","Luby","","","bertie@luby.com","33 Beechmont Drive","68 Wake Green Road","","B20 3PX","Puckett, Dennis L Esq","808-247-2529","http://www.bertieluby.com""279","Reginald","Lunan","0121 173 3zz5","07 787 xxx 412","reginald@lunan.com","224 Tiverton Road","Harborne","","B90 2QB","Healey Chevy Olds Buick Geo","408-727-0884","http://www.reginaldlunan.com""280","Simone","Lundie","0121 144 3zz9","07 785 xxx 979","simone@lundie.com","33 Colebank Road","","Birmingham","B13 9TB","Casebolt, Victor S Esq","215-732-8257","http://www.simonelundie.com""281","Dwayne","Maddalena","0121 145 2zz5","","dwayne@maddalena.com","133  Dawlish  Road","Kings Heath","Birmingham","B16 8AE","Ebbeson, James O Esq","309-347-9282","http://www.dwaynemaddalena.com""282","Marcelino","Maggs","0121 124 6zz6","","marcelino@maggs.com","1 Browning Close","Bearwood","Bromsgrove","B17 9DN","Rascher & Betzold Inc","407-420-7195","http://www.marcelinomaggs.com""283","William","Mahmud","","07 782 xxx 602","william@mahmud.com","138 Kilby Avenue","Sparkhill","","B13 8JG","Campbell Inn","516-365-0493","http://www.williammahmud.com""284","Felipe","Mahone","0121 124 6zz9","","felipe@mahone.com","1610 Pershore Road","Shirley","","B29 7RD","Apartment Mart","808-536-1231","http://www.felipemahone.com""285","Fausto","Marks","0121 124 4zz3","","fausto@marks.com","14 Upper Ashley Street","Harnborne","Birmingham","B29 6BU","Donohue, Brian C Esq","617-451-2136","http://www.faustomarks.com""286","Mac","Marksberry","0121 124 0zz4","07 796 xxx 968","mac@marksberry.com","92 Bournbrook Road","Sheldon ","Edgbaston","B12 9ND","Pursell, David B Esq","402-845-8229","http://www.macmarksberry.com""287","Sybil","Marmerchant","","07 785 xxx 059","sybil@marmerchant.com","534 Holly Lane","","Lichfield","B11 1LL","Blvd Distillers & Importers","717-845-4736","http://www.sybilmarmerchant.com""288","Christian","Marnell","","07 781 xxx 323","christian@marnell.com","8 Salutary Mount","Maidenhead","Birmingham","B16 8AE","Wenick, George D Esq","937-293-6782","http://www.christianmarnell.com""289","Son","Marschke","","07 789 xxx 154","son@marschke.com","101 Riversdale Road","","Birmingham","B16 8AE","Evenings Dlght Fireplaces","570-969-8176","http://www.sonmarschke.com""290","Neva","Marsell","0121 145 9zz7","07 793 xxx 171","neva@marsell.com","17, Sheepcote Street","91 Branston Street","","B15 3UJ","Comfort Inn Wilshire","320-523-8378","http://www.nevamarsell.com""291","Bess","Marso","0121 170 5zz7","07 790 xxx 844","bess@marso.com","40 Sandhurst Road","26-38  Sheepcote Street","Staffs","B16 8AE","Lesher Printers Inc","714-895-8188","http://www.bessmarso.com""292","Alejandro","Mascall","","07 776 xxx 452","alejandro@mascall.com","414 Ridgacre Road West","99 Branston Street","Birmingham","B70 9UJ","Railway Educational Bureau","703-684-8561","http://www.alejandromascall.com""293","Damion","Matkin","0121 144 3zz4","07 796 xxx 926","damion@matkin.com","22B Chedworth Court","Kings Heath","Birmingham","B14","Data Ware Development Inc","303-295-3867","http://www.damionmatkin.com""294","Doug","Matrisciano","0121 145 6zz5","07 793 xxx 561","doug@matrisciano.com","49 Station Road","18 Tollhouse Road","","B30 1EG","Cefpi","425-451-1273","http://www.dougmatrisciano.com""295","Mary","Maurizio","0121 144 3zz2","07 781 xxx 157","mary@maurizio.com","Flat ,2 Trinity House","Birmingham","","B13 0NY","Carey Filter White & Boland","419-822-0591","http://www.marymaurizio.com""296","Mariano","Maury","0121 136 1zz6","07 797 xxx 217","mariano@maury.com","28 Colindale Road","Harborne","","B44 8RE","Donut & Sandwich Shop","732-388-9355","http://www.marianomaury.com""297","Saundra","Mcaulay","01384 zzz 033","","saundra@mcaulay.com","21 Green Lane","Hockley","","B64 6EH","Rcf Inc","419-433-9756","http://www.saundramcaulay.com""298","Kurtis","Mcbay","0121 147 2zz5","07 798 xxx 605","kurtis@mcbay.com","14 Benson Road","Sheepcote Streeet","Birmingham","B29 4BP","P C Enterprises Ltd","215-946-6458","http://www.kurtismcbay.com""299","Cary","Mccamey","0121 144 4zz7","07 729 xxx 068","cary@mccamey.com","21 Moorhills Croft","Bearwood","Birmingham","B13 8LT","Williams Scotsman","614-225-1612","http://www.carymccamey.com""300","Antione","Mccleary","0121 135 3zz4","07 798 xxx 283","antione@mccleary.com","30 Sheldon Heath Road ","Alvechurch","Birmingham","B74 3RB","Cerberus Pyrotronics","701-293-7439","http://www.antionemccleary.com""301","Mandy","Mcdonnell","0121 144 5zz3","07 797 xxx 743","mandy@mcdonnell.com","12 Larchwood Crescent","West Bromwich","","B13 8N","Southern Vermont Surveys","503-371-1118","http://www.mandymcdonnell.com""302","Mamie","Mcintee","0121 168 8zz1","07 789 xxx 880","mamie@mcintee.com","81 Stratford  Road","King's Heath","","B45 9PY","Jacobs, Brian Realtor","707-443-9147","http://www.mamiemcintee.com""303","Lamar","Mckibben","01789 zzz 983","","lamar@mckibben.com","21 Carmelite Road","Salltey","Birmingham","CV37 0RH","Battaglia, Jack M Esq","415-864-7623","http://www.lamarmckibben.com""304","Petra","Mcnichol","0121 124 6zz9","07 775 xxx 844","petra@mcnichol.com","179 Alcester Road South","Erdington","Worcester","B24 9LY","Hyacinth Foundation Aids Proj","630-289-8985","http://www.petramcnichol.com""305","Naomi","Mcraven","0121 158 6zz2","07 778 xxx 583","naomi@mcraven.com","86 Claypit  Lane","Harborne","","B63 1ET","Oak Brook Capital Corp","425-641-5923","http://www.naomimcraven.com""306","Fabian","Mcshaw","01964 zzz 357","","fabian@mcshaw.com","102 Knightlow Road","Handsworth Wood","Birmingham","HU11 5EW","Bodik, Michael G Esq","323-726-8499","http://www.fabianmcshaw.com""307","Viola","Mcsorley","0121 144 0zz0","07 777 xxx 724","viola@mcsorley.com","18 Chetwynd Close","Olton","","B14  7TD","First Bank Of Brunswick","708-496-8587","http://www.violamcsorley.com""308","Curt","Menedez","0121 168 7zz9","07 780 xxx 282","curt@menedez.com","35 Kendal Rise Road","Colworth","Birmingham","B13 0SN","J & J Machinery Repair Inc","813-932-4548","http://www.curtmenedez.com""309","Darren","Merlin","0121 178 0zz4","","darren@merlin.com","Apartment 6, Meadow Croft","","Birmingham","B33 9HB","Pozzuolo & Perkiss Pc","217-428-1491","http://www.darrenmerlin.com""310","Don","Mestler","","","don@mestler.com","16 Linden Road","41 Curwood Crescent","","B32 3XA","Coldwell Bnkr Hearthside Rltrs","609-737-2374","http://www.donmestler.com""311","Freida","Michelfelder","0121 144 8zz7","07 796 xxx 678","freida@michelfelder.com","40, Asbury Court","Handsworth Wood","Birmingham","B13 8EH","Fun Discovery Inc","404-521-3223","http://www.freidamichelfelder.com""312","Chad","Miklas","0121 145 6zz5","07 794 xxx 851","chad@miklas.com","34 Centenary Plaza","Norton","Birmingham","B30 2RG","Red Carpet Inn","716-655-2749","http://www.chadmiklas.com""313","Ezekiel","Mildon","0121 177 5zz4","07 796 xxx 716","ezekiel@mildon.com","19 Somercotes Road","Harborne","Dunfurmline","B28 8EZ","Ace Pro Pest Cntrl Inc","617-494-3365","http://www.ezekielmildon.com""314","Johnie","Minaai","0121 123 1zz4","","johnie@minaai.com","128 Station Road","Lodgefield Road","Birmingham","B18 6BG","Darling, Pamela E","201-592-8423","http://www.johnieminaai.com""315","Zackary","Mockus","0121 147 7zz9","","zackary@mockus.com","102 Veronica Road","Rugby","Selly Oak,","B38 9PH","Metropolitan Elevator Co","732-442-5218","http://www.zackarymockus.com""316","Maurine","Monroy","","07 773 xxx 048","maurine@monroy.com","367 Oakwood Road","Kings Norton","Birmingham","B2 5EE","Central Distribution System","201-947-4235","http://www.maurinemonroy.com""317","Frankie","Morein","0121 147 2zz5","07 795 xxx 840","frankie@morein.com","1 Ten nal Drive","Bournville","Bromsgrove","B29 4BP","Oliver, Jerrold B Esq","203-975-4688","http://www.frankiemorein.com""318","Aileen","Mottern","0121 142 3zz5","07 793 xxx 792","aileen@mottern.com","134 Gregory Avenue","Moseley","","B62 8JT","Bennett Hallmark Cards","201-944-3382","http://www.aileenmottern.com""319","Alissa","Mountjoy","0121 143 3zz5","07 771 xxx 909","alissa@mountjoy.com","Flat 3, 46 Oxford Road","Halesowen","","B17 8DJ","Technical & Mgmt Svc Corp","707-585-7011","http://www.alissamountjoy.com""320","Claire","Moyerman","01543 zzz 244","","claire@moyerman.com","125 Clydesdale Tower","Halesowen","Birmingnham","WS14 9TG","Grt Nthrn Shoe Rpr & Dry Clnrs","303-337-5796","http://www.clairemoyerman.com""321","Logan","Muhl","","","logan@muhl.com","71 Gladys Road","Ladywood","Burton on Trent","DY4 8OL","Brown, Phillip C Esq","215-757-2785","http://www.loganmuhl.com""322","Joel","Nardo","01384 zzz 853","07 798 xxx 737","joel@nardo.com","32 Berkswell  Close","St Mary's Row","","DY8 1NF","New Era Canning Co","561-395-7825","http://www.joelnardo.com""323","Darrin","Neiss","01151 zzz 905","07 796 xxx 853","darrin@neiss.com","61 Monyhull Hall Road","West Bridgford","Birmingham","NG9 7ND","Delaney, James J Jr","309-852-8638","http://www.darrinneiss.com""324","Tia","Neumaier","01427 zzz 403","","tia@neumaier.com","Apartment 1, The Octohednan","Birmingham","Birmingham","B17 9LA","Carterville Mini Storage","407-660-7628","http://www.tianeumaier.com""325","Shanna","Neundorfer","0121 141 4zz5","07 783 xxx 563","shanna@neundorfer.com","28 Newlands Road","Weoley Castle","Smethwick","B29 7AG","Door Systems","215-426-8416","http://www.shannaneundorfer.com""326","Kasey","Nguyen","0121 144 4zz0","07 789 xxx 452","kasey@nguyen.com","3 Brunswick Road","Moseley","","B13 8BB","Pettine, Paul A Iii","303-440-2452","http://www.kaseynguyen.com""327","Cathryn","Nicolaus","0121 135 2zz4","07 792 xxx 642","cathryn@nicolaus.com","17  Chorley Gardens","Hall Green","","B43 6AG","Perkins Photo/graphics Inc","530-345-8372","http://www.cathrynnicolaus.com""328","Terrance","Nimmer","0121 120 4zz5","","terrance@nimmer.com","80 Gladstone Road","","","B31  3TH","C D Short Foods Inc","248-647-1999","http://www.terrancenimmer.com""329","Gale","Nolau","0121 160 6zz9","","gale@nolau.com","16 Washington Wharf","Boldmere","Solihull","B32 3PU","Lust, C James Esq","607-277-6524","http://www.galenolau.com""330","Denice","Nordlinger","","07 792 xxx 132","denice@nordlinger.com","31 Witherford Croft","King's Heath","","B17 OEE","Bickel, Daniel R Cpa","915-593-8069","http://www.denicenordlinger.com""331","Shanna","Numkena","0121 144 6zz4","07 793 xxx 364","shanna@numkena.com","12 Kings Green Avenue","N orthfield","Bimingham","B13 8HD","Anderson Independent Mail","507-280-6844","http://www.shannanumkena.com""332","Val","Oborne","","07 780 xxx 429","val@oborne.com","26 Overhill Drive","Harborne","Birmingham","DY5 4AA","Stone Container Corporation","818-767-5123","http://www.valoborne.com""333","Forest","Orea","0121 168 0zz5","07 790 xxx 019","forest@orea.com","10 Winnipeg Road","Alvechurch","Birmingham","B24 ODN","Clark, Francis J","773-436-2636","http://www.forestorea.com""334","Enrique","Oroark","0121 144 4zz6","07 779 xxx 640","enrique@oroark.com","1 Patfield House","Northfield","Birmingham","B13 9HF","Callaghan, Kathleen M Esq","212-366-6877","http://www.enriqueoroark.com""335","Carmel","Overfelt","0121 132 3zz6","07 797 xxx 992","carmel@overfelt.com","11 Rutland Terrace","Stechford","","B73 6ES","Woodworkers Supply Inc","561-965-1433","http://www.carmeloverfelt.com""336","Emilia","Oxley","0121 145 8zz9","07 797 xxx 718","emilia@oxley.com","44 Merrivale Road","Moseley","Great Barr","B45 9BZ","Buckeye Reserve Title","214-702-4766","http://www.emiliaoxley.com""337","Rebekah","Padley","0121 108 0zz5","07 773 xxx 879","rebekah@padley.com","15 Griffin House","85 Ivyfield Road","Birmingham","BR6 8AG","Reed Engineering Inc","312-944-1477","http://www.rebekahpadley.com""338","Ella","Pahnke","01827 zzz 186","","ella@pahnke.com","233 White Road","Moseley","","B77 1DQ","Davis, Randle S Esq","830-367-9231","http://www.ellapahnke.com""339","Kristine","Paker","0121 124 2zz2","","kristine@paker.com","12 Lydney Grove","West Bromwich","Birmingham","B17 9LP","Chagrin Valley Massotherapy","641-782-7962","http://www.kristinepaker.com""340","Kira","Papen","01827 zzz 258","07 796 xxx 558","kira@papen.com","18 Tennyson Road","Streetley","Birmingham","B79 8NB","Tile City & Carpet Of Pa","619-464-8499","http://www.kirapapen.com""341","Armando","Papik","0121 151 2zz7","","armando@papik.com","11 Hawthorne Road","Edgbaston","Sutton Coldfield","B20 1AQ","Cryogenic Society Of America","501-376-0608","http://www.armandopapik.com""342","Avery","Parbol","0121 121 4zz5","07 773 xxx 960","avery@parbol.com","65 Birdbrood Road"," Chamberlain Park","","B62 0EY","Schlackman, William H","503-666-9241","http://www.averyparbol.com""343","Alva","Pennigton","0121 643 5858","","alva@pennigton.com","60A Ardath Road","Penn","Birmingham","B16 8AE","Citizens Savings Bank","904-260-3735","http://www.alvapennigton.com""344","Kris","Persson","0121 144 7zz9","07 798 xxx 501","kris@persson.com","55 Steel Road","Walmley","","B15 2ER","Tweel, Ronald R Esq","541-475-0021","http://www.krispersson.com""345","Kennith","Peto","01354 zzz 503","","kennith@peto.com","27 Montreal House","Quinton","Birmingham","B73 6BS","Kirschbaum, Thomas A Esq","770-455-6746","http://www.kennithpeto.com""346","Isiah","Phernetton","","","isiah@phernetton.com","187 Willow Avenue","Tividale Quays ","Birmingham","B13 8ET","Wyckoff Florist & Gifts","631-727-2147","http://www.isiahphernetton.com""347","Nathanial","Phoenix","0121 135 8zz7","","nathanial@phoenix.com","187 Willow Avenue","Halesowen","Solihull","B74 2PT","Precision Steel Rule Die Co","405-748-1856","http://www.nathanialphoenix.com""348","Dollie","Pillitteri","01384 zzz 033","07 776 xxx 666","dollie@pillitteri.com","128 Beacon View","Alvechurch","Harborne","B64 6EH","Jiffy Moving & Storage Company","260-489-4697","http://www.dolliepillitteri.com""349","Sal","Pindell","0121 168 3zz7","07 781 xxx 537","sal@pindell.com","3 Cony Croft","Selly Park","Halesowen","B21 7XE","Wrigley, Robert I Esq","812-421-7625","http://www.salpindell.com""350","Terra","Plagge","0121 142 2zz5","07 789 xxx 779","terra@plagge.com","51 Greenhill Road","Shirley","RowleyRegis","B17 9AD","Beach, Jeffrey E","812-477-9617","http://www.terraplagge.com""351","Luella","Pliner","","","luella@pliner.com","2 Houldsfield Mews","Quinton","Solihull","B27 7NE","United Waste Systems","850-434-5228","http://www.luellapliner.com""352","Valerie","Pou","","07 790 xxx 376","valerie@pou.com","143 Station Road","Great Barr","Banbury","B30 1DA","Sea Port Record One Stop Inc","610-395-6995","http://www.valeriepou.com""353","Alejandra","Prenatt","0121 132 2zz7","07 798 xxx 501","alejandra@prenatt.com","48 Lyndon Road","Carver Street","Birmingham","B42 2JP","Mitchell De Burring Co","708-496-4617","http://www.alejandraprenatt.com""354","Edgardo","Prudente","","07 781 xxx 960","edgardo@prudente.com","8 Featherstone Road","Erdington","Bimingham","B30 2LH","R A Hamilton Corp","972-660-0934","http://www.edgardoprudente.com""355","Allie","Pumphrey","01922 zzz 935","07 789 xxx 680","allie@pumphrey.com","130 Melton Road","Barford","Birmingham","B31 2FP","Asher, Ronald L Md","812-477-4604","http://www.alliepumphrey.com""356","Evan","Pyfrom","","","evan@pyfrom.com","15 Chestnut Drive","Harborne","","CV2 4GF","Nevada Baking Co","214-661-8804","http://www.evanpyfrom.com""357","Brendan","Qin","0121 144 2zz6","07 781 xxx 245","brendan@qin.com","45 Hollywell Road","Bearwood","Belbroughton","B45 8NP","Allegro Copy & Print","478-374-6992","http://www.brendanqin.com""358","Bertram","Quertermous","0121 143 4zz5","","bertram@quertermous.com","366 Harborne Lane","Longwood Road","Worcs","B67 5NH","Florida Mining & Materials","302-655-4522","http://www.bertramquertermous.com""359","Tyron","Quillman","0121 164 5zz8","07 797 xxx 097","tyron@quillman.com","20 The Hawnelands","Melville Road","85410 La Caillere St. Hilaire","B14 6DD","Analysts International Corp","703-354-2554","http://www.tyronquillman.com""360","Alene","Rabeck","0121 142 3zz8","07 781 xxx 714","alene@rabeck.com","49 The Hill","Kings Norton","Brmingham","B66 4DY","Bucks County Of","708-333-2125","http://www.alenerabeck.com""361","Veronica","Radman","0121 178 0zz7","","veronica@radman.com","Flat 3, Queens Court","","Birmingham","B47 5JR","Martin, Anthony D Esq","434-979-9777","http://www.veronicaradman.com""362","Katina","Ramano","0121 174 9zz3","07 788 xxx 077","katina@ramano.com","11 Newhampton Crofts","Bearwood","Stourbridge","B1 1NN","Fuhrmann, Chris C Esq","718-272-8498","http://www.katinaramano.com""363","Keisha","Ransonet","","","keisha@ransonet.com","135 Tennal Road","Blakedown","Bewdley","B67 6HN","Hsk Decker","907-488-2093","http://www.keisharansonet.com""364","Janet","Rathrock","0121 124 5zz2","07 777 xxx 648","janet@rathrock.com","33 Blythsford Road","Finsbury Park","Birmingham","B14 7DB","Ryder, Edward A Esq","815-877-9538","http://www.janetrathrock.com""365","Emery","Reek","","07 798 xxx 816","emery@reek.com","6 April Croft","Moseley","Birmingham","B4 7DR","Metri Tech Engineering Inc","912-635-4039","http://www.emeryreek.com""366","Winnie","Reich","","","winnie@reich.com","85 Highbury Road","Birmingham","Edgbaston","B29 7RQ","Pacific Seating Co","915-771-5729","http://www.winniereich.com""367","Caitlin","Reiniger","01384 zzz 335","07 781 xxx 384","caitlin@reiniger.com","Flat 5, 35 Paradise Street","38 Ryland Street","Perry Barr","DY6 8PA","White, Lawrence R Esq","419-468-9018","http://www.caitlinreiniger.com""368","Reina","Reisenauer","0121 124 5zz4","07 777 xxx 419","reina@reisenauer.com","Flat 3, Gillott Road","Smethwick","Birmingham","B30 2PL","Terrance Fox","972-225-9569","http://www.reinareisenauer.com""369","Elaine","Renzi","77715 zzz 654","07 770 xxx 369","elaine@renzi.com","5 Kingfisher Way","Birmingham","","DY3 2EN","Delvel Chem Co","212-826-2043","http://www.elainerenzi.com""370","Vernice","Resendes","0121 145 7zz6","07 797 xxx 934","vernice@resendes.com","175 Church Hill Road","","Quinton","B14 5YT","Sorrento Cheese Co Inc","818-768-7585","http://www.verniceresendes.com""371","Deandre","Resendiz","0121 124 3zz5","","deandre@resendiz.com","203 Metchley Lane","Madeley  Road","Birmingham","B17 8EG","Sav Mart","208-733-3476","http://www.deandreresendiz.com""372","Bridgett","Retort","0121 155 4zz9","07 786 xxx 550","bridgett@retort.com","156 Cranes Park Road,","Bournville","","B67 6BX","Womens Resource & Refrl Ntwrk","713-466-3278","http://www.bridgettretort.com""373","Tommie","Reuland","01384 zzz 448","","tommie@reuland.com","43 Hiolly Lane","","","DY8 5EH","Schaff, Michael D Esq","818-361-7493","http://www.tommiereuland.com""374","Johnnie","Rheaves","","","johnnie@rheaves.com","110 Warwards Lane","Rowley Regis","Birmingham","B11UQ","Roberts, James A Cpa","714-632-7337","http://www.johnnierheaves.com""375","Felecia","Riedl","","","felecia@riedl.com","110 Warwards LAne","Bewdley","Solihull","B18 6BF","Benson, John S","801-486-6755","http://www.feleciariedl.com""376","Mara","Rineheart","0121 155 6zz4","07 781 xxx 787","mara@rineheart.com","Flat 65, Room 06","Rednal","Birmingham","B63 3NS","Berry Naturipe Growers","610-262-6836","http://www.mararineheart.com""377","Haley","Rocheford","0121 166 6zz8","07 783 xxx 784","haley@rocheford.com","3 Lapal Lane North","Broome","Birmingham","B1 6 9LS","Davis, Robert L Esq","303-689-5219","http://www.haleyrocheford.com""378","Terrell","Rodda","0121 142 9zz5","07 774 xxx 629","terrell@rodda.com","40 Liberty Place","Smethwick","","B17 8HJ","Woodland Village Nursing Home","732-563-1293","http://www.terrellrodda.com""379","Titus","Rodreguez","0121 643 5858","","titus@rodreguez.com","Flat 4, 63-65 Grosvenor Street West","","Birmingham","B16 8AE","Vasquez & Co","858-571-9047","http://www.titusrodreguez.com""380","Cruz","Roudabush","0121 154 1zz1","","cruz@roudabush.com","85 Teignmouth Road","Hagley Road","Birmingham","B68 9PJ","Meridian Products","602-252-4009","http://www.cruzroudabush.com""381","Willard","Roughen","0121 142 4zz1","07 774 xxx 959","willard@roughen.com","Department of Italian Studies","Harborne","Birmingham","B16 9TA","Nakamura Oyama & Assocs Inc","817-265-0322","http://www.willardroughen.com""382","Bryan","Rovell","08382 zzz 002","","bryan@rovell.com","171 Shawhurst Lane","Tipton","Harborne","KY11 9GL","All N All Shop","201-939-9079","http://www.bryanrovell.com""383","Sadie","Rowlett","0121 160 9zz4","","sadie@rowlett.com","To be confirmed","Selly Oak","Birmingham","B91 1TU","Port City Taxi Inc","718-365-5353","http://www.sadierowlett.com""384","Darrel","Ruffins","","07 797 xxx 644","darrel@ruffins.com","22 Brockwood Copse","Halesowen","Birmingham","B10 OHB","Brickman, Arthur Cpa","727-821-5104","http://www.darrelruffins.com""385","Melody","Saddat","0121 135 1zz5","","melody@saddat.com","85 Ivyfield Road","Quinton","Selly Oak","B73 5EP","Richards, Edward W Esq","402-397-8391","http://www.melodysaddat.com""386","Doreen","Sakurai","0121 143 4zz0","","doreen@sakurai.com","59, Faulkes Farm Drive","Priorslee","Birmingham","B90 1AG","Airlifter","212-759-7548","http://www.doreensakurai.com""387","Pierre","Salera","0121 142 2zz3","07 790 xxx 271","pierre@salera.com","Apartment 17","Selly Oak","Birmingham","B30 2NH","Ridley Ridley & Burnette","626-303-2569","http://www.pierresalera.com""388","Devon","Samrah","01562 zzz 127","07 790 xxx 690","devon@samrah.com","396 West Bromwich Road","Wythall","","DY9 9UH","Software Pursuits Inc","407-240-8312","http://www.devonsamrah.com""389","Rosanna","Sandrock","","07 797 xxx 265","rosanna@sandrock.com","185 Court Oak Road","Moseley","Warley","B13  8RJ","Computer X Consulting","404-627-4276","http://www.rosannasandrock.com""390","Lucas","Santellana","0121 143 3zz2","07 790 xxx 151","lucas@santellana.com","81 Upper Saint Mary’s Road","Erdington","","B16 8AE","Constantino, James P Esq","602-225-8897","http://www.lucassantellana.com""391","Concetta","Sarchett","01789 zzz 361","","concetta@sarchett.com","64 Cherington Road","Edbaston ","Birmingham","B32  1QG","Barco/chromatics Inc","816-274-6897","http://www.concettasarchett.com""392","Lynn","Saulsberry","01926 zzz 020","07 790 xxx 049","lynn@saulsberry.com","22 Village Mews","King's Heath","Birmingham","CV8 2TX","Printing Factory Inc","602-272-3143","http://www.lynnsaulsberry.com""393","Gil","Scarpa","0121 142 5zz7","07 771 xxx 129","gil@scarpa.com","23 Blenheim Road","King’s Norton ","Birmingham","B32 JA","Hughes, James D Esq","570-459-5191","http://www.gilscarpa.com""394","Bert","Schadle","0121 144 2zz8","07 796 xxx 279","bert@schadle.com","45 Barn Lane","Shirley","","B13 9UL","Guaranty Chevrolet Geo","817-921-5913","http://www.bertschadle.com""395","Janet","Schaffter","0121 177 9zz9","07 794 xxx 767","janet@schaffter.com","96 Knightwich Crescent","Tamworth","Birmingham","B11 3DT","Hall, Camden M Esq","219-853-9329","http://www.janetschaffter.com""396","Robin","Schartz","0121 177 0zz0","07 796 xxx 175","robin@schartz.com","42 Heathfield Road","Moseley","Birmingham","B9 5TE","Fairmount Country Club","530-477-7396","http://www.robinschartz.com""397","Mitch","Schattner","0121 124 1zz8","07 779 xxx 678","mitch@schattner.com","42 Heathfield Road","Standridge Park","","B20 2NU","Cosgrove Eisenberg & Kiley Pc","415-668-5841","http://www.mitchschattner.com""398","Angelique","Schermerhorn","0121 152 2zz2","","angelique@schermerhorn.com","Apartment 21","Selly Park","Birmingham","B71 4BS","Safety Direct Inc","386-328-1499","http://www.angeliqueschermerhorn.com""399","Benjamin","Schkade","","07 781 xxx 297","benjamin@schkade.com","785 Longdales Road","Erdington","Birmingham","B16 8AE","Port Brownsville Pub Scale Inc","907-278-7166","http://www.benjaminschkade.com""400","Steve","Schorr","","07 774 xxx 842","steve@schorr.com","32 Stanmore Road","","","B47 5JR","Midwest Fire Protection Inc","808-842-7338","http://www.steveschorr.com""401","Cherie","Schronce","0121 123 1zz5","07 771 xxx 913","cherie@schronce.com","22 Hlill Street","Cradley Heath","Birmingham","B3 1DR","Varda, John Duncan Esq","818-718-7339","http://www.cherieschronce.com""402","Walton","Schwallie","0121 144 2zz0","","walton@schwallie.com","59 Woodfield Road","Stirchley","","B14 7NU","Nielsen, Laura W Md","508-529-8368","http://www.waltonschwallie.com""403","Allan","Schwantd","","","allan@schwantd.com","29 Teignmouth Road","43 Cannon Street","Birmingham","B62 0EY","Micro Wire Products","503-434-3863","http://www.allanschwantd.com""404","Tammie","Schwartzwalde","","","tammie@schwartzwalde.com","Flat 7, Oakley  Court","Kings Heath","","B71 3NS","Cox, Thomas E","740-532-0319","http://www.tammieschwartzwalde.com""405","Modesto","Scroggie","0121 643 5858","","modesto@scroggie.com","52 Arundel Road","Kings Norton","","B16 8AE","Bulloch, Bruce Cpa","908-980-9842","http://www.modestoscroggie.com""406","Lona","Scronce","0121 124 0zz5","07 707 xxx 595","lona@scronce.com","1 Darwin House","Stirchley","Birmingham","B72 1AT","L & L Builders","570-296-2054","http://www.lonascronce.com""407","Eva","Seahorn","0121 164 3zz6","","eva@seahorn.com","56 Corisand Road","Shirley","Stourbridge","B16 8AB","Saunders Appraisal Inc","603-673-5009","http://www.evaseahorn.com""408","Joey","Sedore","0121 174 9zz1","07 791 xxx 453","joey@sedore.com","6 Osborne Close","","Birmingham","B90 2QB","Goodwill Speciality Co","661-273-6263","http://www.joeysedore.com""409","Roger","Seid","0121 160 1zz5","07 790 xxx 285","roger@seid.com","21 Barn Lane","Wake Green Road","Warley","B31 1XN","Yoshida, Gerald C Esq","850-422-8152","http://www.rogerseid.com""410","Stephen","Seiters","0121 127 6zz2","07 788 xxx 687","stephen@seiters.com","29 Middle Park Drive","","","B29 7BA","Us Mortgage Corp","817-947-6272","http://www.stephenseiters.com""411","Lynette","Setlock","0121 178 0zz4","","lynette@setlock.com","82 Newhall Court","Halesowen","Birmingham","B33 9HB","George S Olive & Co","216-566-2299","http://www.lynettesetlock.com""412","Cristina","Sharper","0121 145 1zz7","07 789 xxx 659","cristina@sharper.com","158 Commonside","317 Hagley Road","","B16 OLH","Tax Office","212-719-0754","http://www.cristinasharper.com""413","Ofelia","Sheffler","0121 161 1zz8","07 784 xxx 577","ofelia@sheffler.com","82 Wake Green Road","Moseley","Birmingham","B1 2AJ","Rimpsey Agency","805-483-5693","http://www.ofeliasheffler.com""414","Donald","Sherretts","0121 142 3zz6","07 794 xxx 222","donald@sherretts.com","24 Southwood Covert","41 Curwood Crescent","Solihull","B17 8JJ","Nylonge Corporation","415-255-7088","http://www.donaldsherretts.com""415","Courtney","Shishido","0121 144 6zz0","07 791 xxx 851","courtney@shishido.com","18 Lytton Grove","70 Alcester Road","","B14 7DY","Beymers Jewelry","907-279-2025","http://www.courtneyshishido.com""416","Marcie","Shulz","0121 142 4zz3","07 790 xxx 889","marcie@shulz.com","76 Cleveland Tower","18 Holiday Street","Birmingham","B17 8TR","United Printers Inc","210-524-1693","http://www.marcieshulz.com""417","Roman","Simone","0121 168 1zz7","07 777 xxx 654","roman@simone.com","6 Woolhouse Close","Aston Waterlinks","Birmingham","B75 6EA","Spottswood, William B Esq","513-732-2547","http://www.romansimone.com""418","Carla","Sirbaugh","01952 zzz 056","07 779 xxx 809","carla@sirbaugh.com","23 Coven Grove","Harborne","Northfield","TF8 7RB","Urso, Natale L Esq","310-412-1067","http://www.carlasirbaugh.com""419","Waldo","Sisk","0121 145 3zz4","07 797 xxx 369","waldo@sisk.com","75 Broadsmeath","Harborne","Hayley Green","B30 1EE","Muller Drugs Inc","727-934-7181","http://www.waldosisk.com""420","Sheryl","Sisofo","","","sheryl@sisofo.com","86 Oak Road","","","B76 1SP","Thrifty Sign Stop","419-865-1836","http://www.sherylsisofo.com""421","Garth","Skiffington","","07 781 xxx 874","garth@skiffington.com","22 Alwell Street","Moseley","Moseley","B3 1QG","Fox & Killbride","973-684-6309","http://www.garthskiffington.com""422","Celia","Slavin","0121 162 6zz4","07 781 xxx 136","celia@slavin.com","82 Lodge Hill Road","Oldswinford","Birmingham","B14 6BB","Acra Aerospace Inc","773-256-2162","http://www.celiaslavin.com""423","Marisa","Smiler","0121 643 5858","","marisa@smiler.com","28 Selly Wick Road","Smethwick","Ledbury","B16 8AE","Star Systems Inc","631-673-1556","http://www.marisasmiler.com""424","Francis","Soo","","07 776 xxx 152","francis@soo.com","164 Grange Road","Selly Oak","Kidderminster","B30 1DD","Allen Industrial Supply","608-269-3359","http://www.francissoo.com""425","Josephine","Sotlar","01902 zzz 006","07 774 xxx 777","josephine@sotlar.com","2 Branden Road","109 Milcote Road","Skirlaugh","WV2 4PX","Shipp Storage","202-783-8805","http://www.josephinesotlar.com""426","Freeman","Soula","","","freeman@soula.com","30 Kightstone Avenue","Springfield Road ","Birmingham","B30 2DX","Henson, Claudia","479-394-7509","http://www.freemansoula.com""427","Owen","Sparacino","0121 643 5858","","owen@sparacino.com","Flat 4, 116 Oakfield Road","Birrmingham","Birmingham","B16 8AE","Murtha, Thomas D Esq","901-324-4381","http://www.owensparacino.com""428","Warren","Speach","0121 142 4zz1","","warren@speach.com","75 Forsythia Close","","Harborne","B16 9TA","E Norwalk Crmc Tile & Mrbl Co","908-322-6744","http://www.warrenspeach.com""429","Denise","Speegle","0121 168 7zz6","07 774 xxx 770","denise@speegle.com","17 Grayland Close","Orpington","Birrmingham","B18 6PR","Shipley Oil Company","847-870-6026","http://www.denisespeegle.com""430","Ross","Spurger","","07 790 xxx 534","ross@spurger.com","25 Rey Valley Drive","Holloway Head","","B16 8AE","Hoover Group Inc","618-453-6144","http://www.rossspurger.com""431","Ray","Srock","0121 142 1zz6","","ray@srock.com","23 Coven Grove","ToBeConfirmed","Birmingham","B17 9HE","Tilt Lock Inc","480-585-4983","http://www.raysrock.com""432","Kira","Staffon","0121 138 9zz9","","kira@staffon.com","21 Moorhills Croft","Kenilworth","Birmingham","B23 7HN","International Management Assoc","808-949-8257","http://www.kirastaffon.com""433","Kris","Stanzak","0121 162 1zz1","07 797 xxx 367","kris@stanzak.com","33 Coleshill Close","Harborne","Wylde Green","B38 9PB","Cenref Labs","563-557-6308","http://www.krisstanzak.com""434","Mayme","Staub","","07 774 xxx 689","mayme@staub.com","17, Sheepcote Street","101 Gravelly Hill","Rubery","B16 8AE","River House Hotel","908-234-9433","http://www.maymestaub.com""435","Fannie","Steese","","07 781 xxx 221","fannie@steese.com","17, Sheepcote Street","Stirchley","Worcs","B12 9PN","Chiapete, W Richard Esq","850-222-0105","http://www.fanniesteese.com""436","Krystle","Stika","","07 779 xxx 319","krystle@stika.com","17, Sheepcote Street","Harborne","Birmingham","SL6 2DE","Signature Inn","281-537-3235","http://www.krystlestika.com""437","Reggie","Streu","0121 643 5858","","reggie@streu.com","17, Sheepcote Street","1 Woodbridge Grove","","B16 8AE","Als Motors Inc","973-575-9328","http://www.reggiestreu.com""438","Pilar","Suddeth","0121 173 3zz7","07 778 xxx 828","pilar@suddeth.com","446 Rowood Drive","Selly Oak","Stourbridge","B90 2PX","Slant Fin Corp","949-852-9027","http://www.pilarsuddeth.com""439","Helena","Suermann","0121 142 4zz8","07 774 xxx 644","helena@suermann.com","17, Sheepcote Street","Harborne","Birmingham","B17 9RT","Stubenberge, James A Esq","650-965-3368","http://www.helenasuermann.com""440","Mellissa","Sule","","07 796 xxx 502","mellissa@sule.com","17, Sheepcote Street","233 Hagley Road","","B16 8EP","Dowse, Geoffrey Esq","949-768-8107","http://www.mellissasule.com""441","Zane","Sulikowski","0121 142 7zz6","","zane@sulikowski.com","17, Sheepcote Street","The Vale","","B32 2DU","Meijer Associates Credit Union","951-683-9932","http://www.zanesulikowski.com""442","Katina","Survant","21445 zzz 201","07 787 xxx 586","katina@survant.com","17, Sheepcote Street","Harborne","Birmingham","B48 7PB","Kgtv Channel 10","208-587-5574","http://www.katinasurvant.com""443","Eldon","Sutch","0121 145 7zz0","07 791 xxx 638","eldon@sutch.com","17, Sheepcote Street","Sutton Coldfield","Birmingham","B30 2DL","Friesen And Kane Public Accts","215-743-2529","http://www.eldonsutch.com""444","Dorothea","Sweem","01527 zzz 564","07 798 xxx 981","dorothea@sweem.com","17, Sheepcote Street","Wilnecote","Four Oaks","WR9   7EE","Ehrmann, Rolfe F Esq","609-896-2099","http://www.dorotheasweem.com""445","Devon","Teston","","07 779 xxx 913","devon@teston.com","17, Sheepcote Street","Edgbaston","Birminbgham","B13 9ER","Bilton, Dean H Esq","713-871-0838","http://www.devonteston.com""446","Antony","Thierauf","0121 142 1zz3","","antony@thierauf.com","17, Sheepcote Street","Harborne","Birmingham","B17 8SR","Gutzwiller, Robert H Esq","208-667-5935","http://www.antonythierauf.com""447","Billie","Tinnes","0121 145 6zz7","07 799 xxx 195","billie@tinnes.com","17, Sheepcote Street","Halesowen","","B45 9NH","D & M Plywood Inc","212-889-5764","http://www.billietinnes.com""448","Heriberto","Tivis","","07 759 xxx 144","heriberto@tivis.com","17, Sheepcote Street","Browns Green","Birmingham","B16 8AE","Newood","919-460-4304","http://www.heribertotivis.com""449","Traci","Toomey","0121 142 7zz2","07 788 xxx 283","traci@toomey.com","72 Springfield Road","","Birmingham","B62 ODA","Pea Press","307-733-6525","http://www.tracitoomey.com""450","Denver","Topete","","07 798 xxx 275","denver@topete.com","17, Sheepcote Street","Edgbaston","Birmingham","B16 8AE","Insight Cablevision","858-457-0465","http://www.denvertopete.com""451","Darrel","Tork","01384 zzz 642","","darrel@tork.com","70 Redfern Close","Kingstanding","Sutton Coldfield","DY6 8SN","S & T Machining","708-865-8984","http://www.darreltork.com""452","Lizzie","Torregrossa","","","lizzie@torregrossa.com","17, Sheepcote Street","Coton Green","Birmingham","B79  7EJ","Salerno & Son","508-997-9846","http://www.lizzietorregrossa.com""453","Trey","Tout","","","trey@tout.com","17 Swinbrook  Way","Bournville","Warley","B3 1PP","Breen, Sean E Esq","715-526-2421","http://www.treytout.com""454","Luciano","Truiolo","","07 782 xxx 685","luciano@truiolo.com","17, Sheepcote Street","Heavitree","","B16 8AE","Currier Gallery Of Art","626-792-5166","http://www.lucianotruiolo.com""455","Tami","Trybus","0121 147 1zz3","07 798 xxx 263","tami@trybus.com","77 Arden Road","","Sutton Coldfield","B30 2LY","Seawright, Rodney","513-561-7531","http://www.tamitrybus.com""456","Guillermo","Tsang","0121 163 7zz2","07 779 xxx 378","guillermo@tsang.com","91 Crowther Road","Stirchley","Birmingham","B15 1UF","Gillis, Donald W Esq","215-949-8919","http://www.guillermotsang.com""457","George","Tukis","01384 zzz 436","","george@tukis.com","17, Sheepcote Street","Harborne","Birmingham","DY8 3BA","Andow Personnel Services","229-924-4251","http://www.georgetukis.com""458","Nanette","Turansky","0121 168 8zz9","07 792 xxx 857","nanette@turansky.com","16 Stanhope Road","Kings Heath","Birmingham","B8 3RL","Sheraton Society Hill Hotel","610-250-4334","http://www.nanetteturansky.com""459","Abel","Tuter","01255 zzz 404","07 776 xxx 819","abel@tuter.com","17, Sheepcote Street","","","B20 2LG","Wernsing Plumbing & Heating","610-370-0856","http://www.abeltuter.com""460","Janice","Twiet","","07 795 xxx 933","janice@twiet.com","32 Stanmore Road","Harborne","Birmingham","B42 2TA","Henley, Cal Pa","909-874-2594","http://www.janicetwiet.com""461","Brent","Vaidya","0121 145 2zz7","07 796 xxx 222","brent@vaidya.com","126 Durley Dean Road","Halesowen","Birmingham","B45  9NQ","Crain Industries","203-359-6466","http://www.brentvaidya.com""462","Essie","Vaill","0121 124 1zz6","","essie@vaill.com","17, Sheepcote Street","Gorse Green Lane","Birmingham","B92 8SL","Litronic Industries","907-345-1215","http://www.essievaill.com""463","Heath","Vanalphen","0121 643 5858","","heath@vanalphen.com","17, Sheepcote Street","114 Beamont Road","","B16 8AE","California Stat Min & Mnrl Mus","508-487-0597","http://www.heathvanalphen.com""464","Mara","Vanderzwaag","0121 124 3zz2","07 781 xxx 576","mara@vanderzwaag.com","17, Sheepcote Street","Walsall","","B13 9BH","Brown & Brown Law Office","409-892-8492","http://www.maravanderzwaag.com""465","Roxie","Varenhorst","0121 160 6zz8","","roxie@varenhorst.com","17, Sheepcote Street","Walsall","Birmingham","B27 7NA","Good Neighbor Real Estate","614-487-4227","http://www.roxievarenhorst.com""466","Kelli","Varrato","0121 643 5858","","kelli@varrato.com","20 Oscott Road"," Stirchley","Birmingham","B16 8AE","Frances Meyer Inc","858-298-6695","http://www.kellivarrato.com""467","Floyd","Veazey","01952 zzz 685","","floyd@veazey.com","18 Thorn Road","Moseley","Erdington","TF2 9TE","Ramada Inn San Fran Arprt N","323-862-5589","http://www.floydveazey.com""468","Tori","Villaescusa","0121 155 3zz1","07 798 xxx 629","tori@villaescusa.com","94 Heaton Road","","Birmingham","B63 3RT","Church Point Whol Gr Co Inc","213-748-5668","http://www.torivillaescusa.com""469","Lottie","Voll","0121 142 1zz1","","lottie@voll.com","Flat 165A Block E2, The Heights","Selly Oak","Birmingham","B67 5BG","Mason, Joseph G Esq","541-342-4657","http://www.lottievoll.com""470","Junior","Wadlinger","","07 773 xxx 350","junior@wadlinger.com","7 Hindlow Close","Windmill Lane","Haringey","B16 8AE","Sonos Music","330-393-6808","http://www.juniorwadlinger.com""471","Jonathon","Waldall","01384 zzz 789","","jonathon@waldall.com","14 Meadow Court","Sutton Coldfield","","DY8 5YP","Mission Hills Escrow","843-549-0125","http://www.jonathonwaldall.com""472","Marc","Wanger","0121 124 2zz3","","marc@wanger.com","34 Greenfield Road","Hagley Road","Birmingham","B23  5UG","Welsh Company","617-426-1114","http://www.marcwanger.com""473","Marta","Warran","0121 142 1zz7","07 781 xxx 858","marta@warran.com","102  Wilmer Road","Bilston","","B67 5BH","Wirth, John T Esq","509-735-9193","http://www.martawarran.com""474","Mabel","Weeden","","07 794 xxx 539","mabel@weeden.com","17, Sheepcote Street","Shirley","","B16 8AE","Pepsi Cola Gen Bottlers Inc","972-235-1843","http://www.mabelweeden.com""475","Lyman","Whittley","0121 124 6zz7","07 792 xxx 371","lyman@whittley.com","262 Birdbrook Road","Hesha Drive","","B75 7JH","Berry, Robert A Esq","415-332-7303","http://www.lymanwhittley.com""476","Maryanne","Whyman","01905 zzz 661","07 782 xxx 779","maryanne@whyman.com","27 Treaford Lane","Kings Norton","Halesowen","WR2 4BY","Walls, Robert E Esq","213-748-0447","http://www.maryannewhyman.com""477","Eliseo","Wice","0121 144 4zz3","07 779 xxx 901","eliseo@wice.com","17, Sheepcote Street","Balsall Heath","Birmjngham","B14 6DE","A Limousine Service","512-458-7226","http://www.eliseowice.com""478","Cristopher","Wiget","0121 145 8zz6","07 776 xxx 490","cristopher@wiget.com","17, Sheepcote Street","Northfield","Birmingham","B16 8HZ","Roche, Patrick Esq","505-598-3063","http://www.cristopherwiget.com""479","Rodrigo","Wildrick","0121 142 7zz8","07 789 xxx 157","rodrigo@wildrick.com","17, Sheepcote Street","Wordsley","Birmingham","B32 2SZ","Midwest Wrecking Company Inc","727-323-5982","http://www.rodrigowildrick.com""480","Florine","Willardson","0121 145 1zz0","07 772 xxx 784","florine@willardson.com","17, Sheepcote Street","Shirley","Birmingham","B30 3AX","Lunt, Donald C Esq","503-256-8982","http://www.florinewillardson.com""481","Nadia","Wilshire","01527 zzz 699","07 797 xxx 048","nadia@wilshire.com","8 Lime Road","Kings Heath","","B60 2AZ","Midwest Undercar Distributors","608-788-5946","http://www.nadiawilshire.com""482","Lucius","Winchester","","","lucius@winchester.com","28 Jinnah Close","","Birmingham","EX1 2QE","Barrett Paving Materials Inc","630-289-9033","http://www.luciuswinchester.com""483","Helga","Windle","","","helga@windle.com","69 Kineton Green Road","Swiss Valley","","B26 3ST","Loew, Andrea H Esq","808-487-6258","http://www.helgawindle.com""484","Carmella","Wishman","0121 147 3zz8","07 772 xxx 319","carmella@wishman.com","178 Lighthorne Avenue","Birmingham","","B31 2JH","Meicher Cpa","406-728-7668","http://www.carmellawishman.com""485","Reina","Wolchesky","","07 790 xxx 533","reina@wolchesky.com","23 Woodlands Lane","Selly Park","","B13 9XW","Highland Management Group","218-828-3231","http://www.reinawolchesky.com""486","Marisa","Woldridge","0121 124 8zz2","","marisa@woldridge.com","13 Tennal Drive","Birmingham","85410 La Caillere St. Hilaire","B90 2JB","Wegner, Tim Esq","301-759-9676","http://www.marisawoldridge.com""487","Lacy","Woodfin","0121 142 7zz4","07 797 xxx 842","lacy@woodfin.com","Calshot House","Shirley","Birmingham","B32 1QG","Enviro Dynamics","570-348-4204","http://www.lacywoodfin.com""488","Kory","Wooldridge","0121 160 2zz5","07 780 xxx 274","kory@wooldridge.com","3 Hunts Road","Selly Oak","Birmingham","B14 6AD","Paper Stock Dealers Inc","312-753-2693","http://www.korywooldridge.com""489","Trudy","Worlds","","","trudy@worlds.com","17, Sheepcote Street","30 Staniforth Street","Birmingham","B14 4PH","Shapiro, Mark R Esq","661-257-0924","http://www.trudyworlds.com""490","Buster","Wubbel","0121 145 6zz0","","buster@wubbel.com","40 Aston Brook Green","Billesley","","B16 8DD","Collins, Joseph B Esq","215-943-6049","http://www.busterwubbel.com""491","Merle","Wyrosdick","0121 142 9zz5","","merle@wyrosdick.com","22 Redmead Close","Kings Norton","Dudley","B17 8HJ","Keil, James J Esq","732-938-7237","http://www.merlewyrosdick.com""492","Lynda","Youtsey","0121 132 3zz5","","lynda@youtsey.com","44 Baldwin  Road","270 Rotton Park Road","","B75 6BQ","Accurate Color Inc","541-342-0655","http://www.lyndayoutsey.com""493","Isaac","Zackery","","","isaac@zackery.com","79 Coleraine Road","Halesowen","Moseley","b32 2nz","Holiday Inn Of Issaquah","973-328-1903","http://www.isaaczackery.com""494","Fran","Zanders","0121 135 1zz4","","fran@zanders.com","25 Springslade","Marlbrook","","B76 1GG","River City Body Co","208-525-5501","http://www.franzanders.com""495","Jimmie","Zarzycki","0121 145 5zz0","","jimmie@zarzycki.com","23 Croome Close","Sutton Coldfield","Birmingham","B38 9RB","John C Auth","719-632-5612","http://www.jimmiezarzycki.com""496","Ike","Zeolla","","","ike@zeolla.com","17, Sheepcote Street","Mosely","Telford","DY9 8JT","Halpin, Irene A Esq","202-331-7781","http://www.ikezeolla.com""497","Malissa","Ziesemer","01922 zzz 370","07 778 xxx 109","malissa@ziesemer.com","Flat 35, 32 George Street","Stoke","CradleyHeath","WS9 OEB","Electron Rentals Inc","561-655-9129","http://www.malissaziesemer.com""498","Daniel","Zill","","07 775 xxx 866","daniel@zill.com","Astley Cottage","Selly Oak","Quinton","B13 9HW","Safety Team Inc","818-507-1925","http://www.danielzill.com""499","Karen","Zombo","0121 168 9zz2","07 794 xxx 377","karen@zombo.com","7 Hinde Close","Aldridge","Sutton Coldfield","B13 9TY","Healthcare Family Credit Union","813-872-8262","http://www.karenzombo.com""500","Ruthie","Zortman","","07 794 xxx 257","ruthie@zortman.com","Flat 28, Shackleton Hall","Oldbury","","B42 2SU","Review Monterey Peninsula","510-651-1242","http://www.ruthiezortman.com"